StartDeltaMS	LastScanDeltaMS	Left Actual Velocity [in/s]	Left Output Current	Right Actual Velocity [in/s]	Right Output Current	Chassis Acceleration [in/s/s]	Elevator: Target Position [in]	Elevator: Postion [in]	Elevator: Velocity [in/sec]	Elevator: AccelNu [in/sec^2]	Elevator: At Target Position?	Elevator: Scale Height Bump Amount:	State: Elevator	Infeed: Left Target Arm Position	Infeed: Right Target Arm Position	Infeed: L Position	Infeed: R Position:	Infeed: L/R Arms Homed?	State: Infeed	Carriage: LimitSwitch	Carriage: VBus Cmd	State: Carriage	Climber: Current	
0	0	0.0	0.0	0.0	0.12	0.0	0.0	0.0	0.0	0.0	true	0.0	N/A in 2019	0.0	0.0	0.0	0.0	false / false	N/A for 2019	false	0.5	STOPPED	0.0	
23	21	0.19	0.0	0.0	0.12	9.37	0.0	0.0	0.0	0.0	true	0.0	N/A in 2019	0.0	0.0	0.0	0.0	true / false	N/A for 2019	false	0.5	STOPPED	0.0	
37	14	0.32	0.0	0.0	0.12	3.13	0.0	0.0	0.0	0.0	true	0.0	N/A in 2019	0.0	0.0	0.0	0.0	true / false	N/A for 2019	false	0.5	STOPPED	0.0	
63	26	0.0	0.0	0.0	0.12	-10.33	0.0	0.0	0.0	0.0	true	0.0	N/A in 2019	0.0	0.0	0.0	0.0	true / false	N/A for 2019	false	0.5	STOPPED	0.0	
88	25	0.0	0.0	0.0	0.12	0.0	0.0	0.0	0.0	0.0	true	0.0	N/A in 2019	0.0	0.0	0.0	0.0	true / false	N/A for 2019	false	0.5	STOPPED	0.0	
97	8	0.0	0.0	0.0	0.12	0.0	0.0	0.0	0.0	0.0	true	0.0	N/A in 2019	0.0	0.0	0.0	0.0	true / false	N/A for 2019	false	0.5	STOPPED	0.0	
111	14	0.0	0.0	0.0	0.12	0.0	0.0	0.0	0.0	0.0	true	0.0	N/A in 2019	0.0	0.0	0.0	0.0	true / false	N/A for 2019	false	0.5	STOPPED	0.0	
123	12	0.0	0.0	0.0	0.12	0.0	0.0	0.0	0.0	0.0	true	0.0	N/A in 2019	0.0	0.0	0.0	0.0	true / false	N/A for 2019	false	0.5	STOPPED	0.0	
134	11	0.0	0.0	0.0	0.12	0.0	0.0	0.0	0.0	0.0	true	0.0	N/A in 2019	0.0	0.0	0.0	0.0	true / false	N/A for 2019	false	0.5	STOPPED	0.0	
149	15	0.0	0.0	0.0	0.12	0.0	0.0	0.0	0.0	0.0	true	0.0	N/A in 2019	0.0	0.0	0.0	0.0	true / false	N/A for 2019	false	0.5	STOPPED	0.0	
161	12	0.0	0.0	0.0	0.12	0.0	0.0	0.0	0.0	0.0	true	0.0	N/A in 2019	0.0	0.0	0.0	0.0	true / false	N/A for 2019	false	0.5	STOPPED	0.0	
173	12	0.0	0.0	0.0	0.12	0.0	0.0	0.0	0.0	0.0	true	0.0	N/A in 2019	0.0	0.0	0.0	0.0	true / true	N/A for 2019	false	0.5	STOPPED	0.0	
186	12	0.0	0.0	0.0	0.12	0.0	0.0	0.0	0.0	0.0	true	0.0	N/A in 2019	0.0	0.0	0.0	0.0	true / true	N/A for 2019	false	0.5	STOPPED	0.0	
206	19	0.0	0.0	0.0	0.12	0.0	0.0	0.0	0.0	0.0	true	0.0	N/A in 2019	0.0	0.0	0.0	0.0	true / true	N/A for 2019	false	0.5	STOPPED	0.0	
216	10	0.0	0.0	0.0	0.12	0.0	0.0	0.0	0.0	0.0	true	0.0	N/A in 2019	0.0	0.0	0.0	0.0	true / true	N/A for 2019	false	0.5	STOPPED	0.0	
231	15	0.0	0.0	0.0	0.12	0.0	0.0	0.0	0.0	0.0	true	0.0	N/A in 2019	0.0	0.0	0.0	0.0	true / true	N/A for 2019	false	0.5	STOPPED	0.0	
238	7	0.0	0.0	0.0	0.12	0.0	0.0	0.0	0.0	0.0	true	0.0	N/A in 2019	0.0	0.0	0.0	0.0	true / true	N/A for 2019	false	0.5	STOPPED	0.0	
252	14	0.0	0.0	0.0	0.12	0.0	0.0	0.0	0.0	0.0	true	0.0	N/A in 2019	0.0	0.0	0.0	0.0	true / true	N/A for 2019	false	0.5	STOPPED	0.0	
265	13	0.0	0.0	0.0	0.12	0.0	0.0	0.0	0.0	0.0	true	0.0	N/A in 2019	0.0	0.0	0.0	0.0	true / true	N/A for 2019	false	0.5	STOPPED	0.0	
274	9	0.0	0.0	0.0	0.12	0.0	0.0	0.0	0.0	0.0	true	0.0	N/A in 2019	0.0	0.0	0.0	0.0	true / true	N/A for 2019	false	0.5	STOPPED	0.0	
287	13	0.0	0.0	0.0	0.12	0.0	0.0	0.0	0.0	0.0	true	0.0	N/A in 2019	0.0	0.0	0.0	0.0	true / true	N/A for 2019	false	0.5	STOPPED	0.0	
295	8	0.0	0.0	0.0	0.12	0.0	0.0	0.0	0.0	0.0	true	0.0	N/A in 2019	0.0	0.0	0.0	0.0	true / true	N/A for 2019	false	0.5	STOPPED	0.0	
321	26	0.0	0.0	0.0	0.12	0.0	0.0	0.0	0.0	0.0	true	0.0	N/A in 2019	0.0	0.0	0.0	0.0	true / true	N/A for 2019	false	0.5	STOPPED	0.0	
334	12	0.0	0.0	0.0	0.12	0.0	0.0	0.0	0.0	0.0	true	0.0	N/A in 2019	0.0	0.0	0.0	0.0	true / true	N/A for 2019	false	0.5	STOPPED	0.0	
359	24	0.0	0.0	0.0	0.12	0.0	0.0	0.0	0.0	0.0	true	0.0	N/A in 2019	0.0	0.0	0.0	0.0	true / true	N/A for 2019	false	0.5	STOPPED	0.0	
369	9	0.0	0.0	0.0	0.12	0.0	0.0	0.0	0.0	0.0	true	0.0	N/A in 2019	0.0	0.0	0.0	0.0	true / true	N/A for 2019	false	0.5	STOPPED	0.0	
378	9	0.0	0.0	0.0	0.12	0.0	0.0	0.0	0.0	0.0	true	0.0	N/A in 2019	0.0	0.0	0.0	0.0	true / true	N/A for 2019	false	0.5	STOPPED	0.0	
399	21	0.0	0.0	0.0	0.12	0.0	0.0	0.0	0.0	0.0	true	0.0	N/A in 2019	0.0	0.0	0.0	0.0	true / true	N/A for 2019	false	0.5	STOPPED	0.0	
418	17	0.0	0.0	0.0	0.12	0.0	0.0	0.0	0.0	0.0	true	0.0	N/A in 2019	0.0	0.0	0.0	0.0	true / true	N/A for 2019	false	0.5	STOPPED	0.0	
453	35	0.0	0.0	0.0	0.12	0.0	0.0	0.0	0.0	0.0	true	0.0	N/A in 2019	0.0	0.0	0.0	0.0	true / true	N/A for 2019	false	0.5	STOPPED	0.0	
464	11	0.0	0.0	0.0	0.12	0.0	0.0	0.0	0.0	0.0	true	0.0	N/A in 2019	0.0	0.0	0.0	0.0	true / true	N/A for 2019	false	0.5	STOPPED	0.0	
478	13	0.0	0.0	0.0	0.12	0.0	0.0	0.0	0.0	0.0	true	0.0	N/A in 2019	0.0	0.0	0.0	0.0	true / true	N/A for 2019	false	0.5	STOPPED	0.0	
499	20	0.0	0.0	0.0	0.12	0.0	0.0	0.0	0.0	0.0	true	0.0	N/A in 2019	0.0	0.0	0.0	0.0	true / true	N/A for 2019	false	0.5	STOPPED	0.0	
519	20	0.0	0.0	0.0	0.12	0.0	0.0	0.0	0.0	0.0	true	0.0	N/A in 2019	0.0	0.0	0.0	0.0	true / true	N/A for 2019	false	0.5	STOPPED	0.0	
546	26	0.0	0.0	0.0	0.12	0.0	0.0	0.0	0.0	0.0	true	0.0	N/A in 2019	0.0	0.0	0.0	0.0	true / true	N/A for 2019	false	0.5	STOPPED	0.0	
571	25	0.0	0.0	0.0	0.12	0.0	0.0	0.0	0.0	0.0	true	0.0	N/A in 2019	0.0	0.0	0.0	0.0	true / true	N/A for 2019	false	0.5	STOPPED	0.0	
580	9	0.0	0.0	0.0	0.12	0.0	0.0	0.0	0.0	0.0	true	0.0	N/A in 2019	0.0	0.0	0.0	0.0	true / true	N/A for 2019	false	0.5	STOPPED	0.0	
598	17	0.0	0.0	0.0	0.12	0.0	0.0	0.0	0.0	0.0	true	0.0	N/A in 2019	0.0	0.0	0.0	0.0	true / true	N/A for 2019	false	0.5	STOPPED	0.0	
618	20	0.0	0.0	0.0	0.12	0.0	0.0	0.0	0.0	0.0	true	0.0	N/A in 2019	0.0	0.0	0.0	0.0	true / true	N/A for 2019	false	0.5	STOPPED	0.0	
639	20	0.0	0.0	0.0	0.12	0.0	0.0	0.0	0.0	0.0	true	0.0	N/A in 2019	0.0	0.0	0.0	0.0	true / true	N/A for 2019	false	0.5	STOPPED	0.0	
659	19	0.0	0.0	0.0	0.12	0.0	0.0	0.0	0.0	0.0	true	0.0	N/A in 2019	0.0	0.0	0.0	0.0	true / true	N/A for 2019	false	0.5	STOPPED	0.0	
691	31	0.0	0.0	0.0	0.12	0.0	0.0	0.0	0.0	0.0	true	0.0	N/A in 2019	0.0	0.0	0.0	0.0	true / true	N/A for 2019	false	0.5	STOPPED	0.0	
699	8	0.0	0.0	0.0	0.12	0.0	0.0	0.0	0.0	0.0	true	0.0	N/A in 2019	0.0	0.0	0.0	0.0	true / true	N/A for 2019	false	0.5	STOPPED	0.0	
718	19	0.0	0.0	0.0	0.12	0.0	0.0	0.0	0.0	0.0	true	0.0	N/A in 2019	0.0	0.0	0.0	0.0	true / true	N/A for 2019	false	0.5	STOPPED	0.0	
740	22	0.0	0.0	0.0	0.12	0.0	0.0	0.0	0.0	0.0	true	0.0	N/A in 2019	0.0	0.0	0.0	0.0	true / true	N/A for 2019	false	0.5	STOPPED	0.0	
760	19	0.0	0.0	0.0	0.12	0.0	0.0	0.0	0.0	0.0	true	0.0	N/A in 2019	0.0	0.0	0.0	0.0	true / true	N/A for 2019	false	0.5	STOPPED	0.0	
779	19	0.0	0.0	0.0	0.12	0.0	0.0	0.0	0.0	0.0	true	0.0	N/A in 2019	0.0	0.0	0.0	0.0	true / true	N/A for 2019	false	0.5	STOPPED	0.0	
811	32	0.0	0.0	0.0	0.12	0.0	0.0	0.0	0.0	0.0	true	0.0	N/A in 2019	0.0	0.0	0.0	0.0	true / true	N/A for 2019	false	0.5	STOPPED	0.0	
820	8	0.0	0.0	0.0	0.12	0.0	0.0	0.0	0.0	0.0	true	0.0	N/A in 2019	0.0	0.0	0.0	0.0	true / true	N/A for 2019	false	0.5	STOPPED	0.0	
838	18	0.0	0.0	0.0	0.12	0.0	0.0	0.0	0.0	0.0	true	0.0	N/A in 2019	0.0	0.0	0.0	0.0	true / true	N/A for 2019	false	0.5	STOPPED	0.0	
859	20	0.0	0.0	0.0	0.12	0.0	0.0	0.0	0.0	0.0	true	0.0	N/A in 2019	0.0	0.0	0.0	0.0	true / true	N/A for 2019	false	0.5	STOPPED	0.0	
879	20	0.0	0.0	0.0	0.12	0.0	0.0	0.0	0.0	0.0	true	0.0	N/A in 2019	0.0	0.0	0.0	0.0	true / true	N/A for 2019	false	0.5	STOPPED	0.0	
899	20	0.0	0.0	0.0	0.12	0.0	0.0	0.0	0.0	0.0	true	0.0	N/A in 2019	0.0	0.0	0.0	0.0	true / true	N/A for 2019	false	0.5	STOPPED	0.0	
937	38	0.0	0.0	0.0	0.12	0.0	0.0	0.0	0.0	0.0	true	0.0	N/A in 2019	0.0	0.0	0.0	0.0	true / true	N/A for 2019	false	0.5	STOPPED	0.125	
945	7	0.0	0.0	0.0	0.12	0.0	0.0	0.0	0.0	0.0	true	0.0	N/A in 2019	0.0	0.0	0.0	0.0	true / true	N/A for 2019	false	0.5	STOPPED	0.125	
959	13	0.0	0.0	0.0	0.12	0.0	0.0	0.0	0.0	0.0	true	0.0	N/A in 2019	0.0	0.0	0.0	0.0	true / true	N/A for 2019	false	0.5	STOPPED	0.0	
979	20	0.0	0.0	0.0	0.12	0.0	0.0	0.0	0.0	0.0	true	0.0	N/A in 2019	0.0	0.0	0.0	0.0	true / true	N/A for 2019	false	0.5	STOPPED	0.0	
1009	30	0.0	0.0	0.0	0.12	0.0	0.0	0.0	0.0	0.0	true	0.0	N/A in 2019	0.0	0.0	0.0	0.0	true / true	N/A for 2019	false	0.5	STOPPED	0.0	
1025	16	0.0	0.0	0.0	0.12	0.0	0.0	0.0	0.0	0.0	true	0.0	N/A in 2019	0.0	0.0	0.0	0.0	true / true	N/A for 2019	false	0.5	STOPPED	0.0	
1055	29	0.0	0.0	0.0	0.12	0.0	0.0	0.0	0.0	0.0	true	0.0	N/A in 2019	0.0	0.0	0.0	0.0	true / true	N/A for 2019	false	0.5	STOPPED	0.0	
1066	11	0.0	0.0	0.0	0.12	0.0	0.0	0.0	0.0	0.0	true	0.0	N/A in 2019	0.0	0.0	0.0	0.0	true / true	N/A for 2019	false	0.5	STOPPED	0.0	
1078	11	0.0	0.0	0.0	0.25	0.0	0.0	0.0	0.0	0.0	true	0.0	N/A in 2019	0.0	0.0	0.0	0.0	true / true	N/A for 2019	false	0.5	STOPPED	0.0	
1099	21	0.0	0.0	0.13	0.25	0.0	0.0	0.0	0.0	0.0	true	0.0	N/A in 2019	0.0	0.0	0.0	0.0	true / true	N/A for 2019	false	0.5	STOPPED	0.0	
1120	21	0.32	0.0	1.47	0.38	15.57	0.0	0.0	0.0	0.0	true	0.0	N/A in 2019	0.0	0.0	0.0	0.0	true / true	N/A for 2019	false	0.5	STOPPED	0.0	
1138	18	1.41	0.0	2.3	0.38	80.98	0.0	0.0	0.0	0.0	true	0.0	N/A in 2019	0.0	0.0	0.0	0.0	true / true	N/A for 2019	false	0.5	STOPPED	0.0	
1174	35	4.48	0.12	4.61	0.75	83.03	0.0	0.0	0.0	0.0	true	0.0	N/A in 2019	0.0	0.0	0.0	0.0	true / true	N/A for 2019	false	0.5	STOPPED	0.0	
1190	15	5.82	0.12	6.21	0.75	64.07	0.0	0.0	0.0	0.0	true	0.0	N/A in 2019	0.0	0.0	0.0	0.0	true / true	N/A for 2019	false	0.5	STOPPED	0.0	
1206	15	6.53	0.12	7.17	0.88	70.06	0.0	0.0	0.0	0.0	true	0.0	N/A in 2019	0.0	0.0	0.0	0.0	true / true	N/A for 2019	false	0.5	STOPPED	0.0	
1222	15	8.13	0.12	8.19	0.88	85.36	0.0	0.0	0.0	0.0	true	0.0	N/A in 2019	0.0	0.0	0.0	0.0	true / true	N/A for 2019	false	0.5	STOPPED	0.0	
1240	18	9.66	0.38	9.34	1.0	78.85	0.0	0.0	0.0	0.0	true	0.0	N/A in 2019	0.0	0.0	0.0	0.0	true / true	N/A for 2019	false	0.5	STOPPED	0.0	
1258	17	11.26	0.38	10.88	1.0	79.98	0.0	0.0	0.0	0.0	true	0.0	N/A in 2019	0.0	0.0	0.0	0.0	true / true	N/A for 2019	false	0.5	STOPPED	0.0	
1293	34	13.82	0.5	14.01	1.12	87.9	0.0	0.0	0.0	0.0	true	0.0	N/A in 2019	0.0	0.0	0.0	0.0	true / true	N/A for 2019	false	0.5	STOPPED	0.0	
1305	12	14.65	0.5	14.91	1.12	77.16	0.0	0.0	0.0	0.0	true	0.0	N/A in 2019	0.0	0.0	0.0	0.0	true / true	N/A for 2019	false	0.5	STOPPED	0.0	
1320	15	16.0	0.5	16.19	1.25	61.18	0.0	0.0	0.0	0.0	true	0.0	N/A in 2019	0.0	0.0	0.0	0.0	true / true	N/A for 2019	false	0.5	STOPPED	0.0	
1343	23	17.6	0.5	17.79	1.38	88.91	0.0	0.0	0.0	0.0	true	0.0	N/A in 2019	0.0	0.0	0.0	0.0	true / true	N/A for 2019	false	0.5	STOPPED	0.0	
1361	18	19.39	0.62	18.62	1.5	78.32	0.0	0.0	0.0	0.0	true	0.0	N/A in 2019	0.0	0.0	0.0	0.0	true / true	N/A for 2019	false	0.5	STOPPED	0.0	
1381	19	20.6	0.62	19.9	1.5	60.98	0.0	0.0	0.0	0.0	true	0.0	N/A in 2019	0.0	0.0	0.0	0.0	true / true	N/A for 2019	false	0.5	STOPPED	0.0	
1413	32	22.91	0.75	22.65	1.62	80.48	0.0	0.0	0.0	0.0	true	0.0	N/A in 2019	0.0	0.0	0.0	0.0	true / true	N/A for 2019	false	0.5	STOPPED	0.0	
1425	12	23.67	0.75	23.61	1.75	68.9	0.0	0.0	0.0	0.0	true	0.0	N/A in 2019	0.0	0.0	0.0	0.0	true / true	N/A for 2019	false	0.5	STOPPED	0.0	
1442	17	25.02	0.75	25.47	1.75	62.14	0.0	0.0	0.0	0.0	true	0.0	N/A in 2019	0.0	0.0	0.0	0.0	true / true	N/A for 2019	false	0.5	STOPPED	0.0	
1461	19	26.23	1.0	26.49	1.88	58.93	0.0	0.0	0.0	0.0	true	0.0	N/A in 2019	0.0	0.0	0.0	0.0	true / true	N/A for 2019	false	0.5	STOPPED	0.0	
1481	19	27.77	1.0	27.32	2.12	79.02	0.0	0.0	0.0	0.0	true	0.0	N/A in 2019	0.0	0.0	0.0	0.0	true / true	N/A for 2019	false	0.5	STOPPED	0.0	
1501	20	28.92	1.12	28.99	2.25	57.26	0.0	0.0	0.0	0.0	true	0.0	N/A in 2019	0.0	0.0	0.0	0.0	true / true	N/A for 2019	false	0.5	STOPPED	0.0	
1534	33	31.29	1.12	32.12	2.38	80.7	0.0	0.0	0.0	0.0	true	0.0	N/A in 2019	0.0	0.0	0.0	0.0	true / true	N/A for 2019	false	0.5	STOPPED	0.0	
1544	10	32.12	1.12	32.83	2.38	90.4	0.0	0.0	0.0	0.0	true	0.0	N/A in 2019	0.0	0.0	0.0	0.0	true / true	N/A for 2019	false	0.5	STOPPED	0.0	
1561	16	33.53	1.25	33.59	2.5	57.02	0.0	0.0	0.0	0.0	true	0.0	N/A in 2019	0.0	0.0	0.0	0.0	true / true	N/A for 2019	false	0.5	STOPPED	0.0	
1580	18	34.74	1.25	35.13	2.62	63.72	0.0	0.0	0.0	0.0	true	0.0	N/A in 2019	0.0	0.0	0.0	0.0	true / true	N/A for 2019	false	0.5	STOPPED	0.0	
1599	18	36.09	1.25	36.86	2.62	68.54	0.0	0.0	0.0	0.0	true	0.0	N/A in 2019	0.0	0.0	0.0	0.0	true / true	N/A for 2019	false	0.5	STOPPED	0.0	
1621	21	37.18	1.25	37.82	2.75	64.49	0.0	0.0	0.0	0.0	true	0.0	N/A in 2019	0.0	0.0	0.0	0.0	true / true	N/A for 2019	false	0.5	STOPPED	0.0	
1652	30	39.22	1.25	39.35	2.75	65.44	0.0	0.0	0.0	0.0	true	0.0	N/A in 2019	0.0	0.0	0.0	0.0	true / true	N/A for 2019	false	0.5	STOPPED	0.0	
1662	10	39.86	1.25	40.25	2.88	36.99	0.0	0.0	0.0	0.0	true	0.0	N/A in 2019	0.0	0.0	0.0	0.0	true / true	N/A for 2019	false	0.5	STOPPED	0.0	
1680	18	41.02	1.25	41.78	2.88	63.44	0.0	0.0	0.0	0.0	true	0.0	N/A in 2019	0.0	0.0	0.0	0.0	true / true	N/A for 2019	false	0.5	STOPPED	0.0	
1701	20	41.91	1.25	42.23	2.88	56.1	0.0	0.0	0.0	0.0	true	0.0	N/A in 2019	0.0	0.0	0.0	0.0	true / true	N/A for 2019	false	0.5	STOPPED	0.0	
1719	18	43.19	1.25	43.57	2.88	52.78	0.0	0.0	0.0	0.0	true	0.0	N/A in 2019	0.0	0.0	0.0	0.0	true / true	N/A for 2019	false	0.5	STOPPED	0.0	
1742	23	44.66	1.25	45.81	3.0	81.49	0.0	0.0	0.0	0.0	true	0.0	N/A in 2019	0.0	0.0	0.0	0.0	true / true	N/A for 2019	false	0.5	STOPPED	0.0	
1771	29	46.52	1.5	46.71	3.0	56.63	0.0	0.0	0.0	0.0	true	0.0	N/A in 2019	0.0	0.0	0.0	0.0	true / true	N/A for 2019	false	0.5	STOPPED	0.0	
1780	8	46.77	1.5	47.35	3.0	19.32	0.0	0.0	0.0	0.0	true	0.0	N/A in 2019	0.0	0.0	0.0	0.0	true / true	N/A for 2019	false	0.5	STOPPED	0.0	
1800	20	47.8	1.5	49.21	3.12	43.79	0.0	0.0	0.0	0.0	true	0.0	N/A in 2019	0.0	0.0	0.0	0.0	true / true	N/A for 2019	false	0.5	STOPPED	0.0	
1822	22	48.89	1.5	49.14	3.12	54.21	0.0	0.0	0.0	0.0	true	0.0	N/A in 2019	0.0	0.0	0.0	0.0	true / true	N/A for 2019	false	0.5	STOPPED	0.0	
1840	17	49.85	1.62	51.13	3.25	62.57	0.0	0.0	0.0	0.0	true	0.0	N/A in 2019	0.0	0.0	0.0	0.0	true / true	N/A for 2019	false	0.5	STOPPED	0.0	
1862	22	50.74	1.62	52.08	3.25	29.13	0.0	0.0	0.0	0.0	true	0.0	N/A in 2019	0.0	0.0	0.0	0.0	true / true	N/A for 2019	false	0.5	STOPPED	0.0	
1892	30	52.53	1.62	54.0	3.62	67.44	0.0	0.0	0.0	0.0	true	0.0	N/A in 2019	0.0	0.0	0.0	0.0	true / true	N/A for 2019	false	0.5	STOPPED	0.0	
1902	9	53.49	1.62	54.26	3.62	71.78	0.0	0.0	0.0	0.0	true	0.0	N/A in 2019	0.0	0.0	0.0	0.0	true / true	N/A for 2019	false	0.5	STOPPED	0.0	
1920	17	54.32	1.62	54.84	3.75	43.97	0.0	0.0	0.0	0.0	true	0.0	N/A in 2019	0.0	0.0	0.0	0.0	true / true	N/A for 2019	false	0.5	STOPPED	0.0	
1939	18	54.77	1.75	56.5	3.62	37.34	0.0	0.0	0.0	0.0	true	0.0	N/A in 2019	0.0	0.0	0.0	0.0	true / true	N/A for 2019	false	0.5	STOPPED	0.0	
1958	18	55.99	1.62	57.27	3.62	47.78	0.0	0.0	0.0	0.0	true	0.0	N/A in 2019	0.0	0.0	0.0	0.0	true / true	N/A for 2019	false	0.5	STOPPED	0.0	
1984	26	56.76	1.75	58.1	3.75	36.34	0.0	0.0	0.0	0.0	true	0.0	N/A in 2019	0.0	0.0	0.0	0.0	true / true	N/A for 2019	false	0.5	STOPPED	0.0	
2024	40	57.91	1.88	60.08	3.88	47.72	0.0	0.0	0.0	0.0	true	0.0	N/A in 2019	0.0	0.0	0.0	0.0	true / true	N/A for 2019	false	0.5	STOPPED	0.0	
2033	8	58.87	1.75	60.85	3.88	29.71	0.0	0.0	0.0	0.0	true	0.0	N/A in 2019	0.0	0.0	0.0	0.0	true / true	N/A for 2019	false	0.5	STOPPED	0.0	
2044	11	59.57	1.75	61.11	3.88	87.98	0.0	0.0	0.0	0.0	true	0.0	N/A in 2019	0.0	0.0	0.0	0.0	true / true	N/A for 2019	false	0.5	STOPPED	0.0	
2060	16	60.85	1.75	61.43	3.88	56.54	0.0	0.0	0.0	0.0	true	0.0	N/A in 2019	0.0	0.0	0.0	0.0	true / true	N/A for 2019	false	0.5	STOPPED	0.0	
2082	22	61.36	1.62	63.09	3.88	24.68	0.0	0.0	0.0	0.0	true	0.0	N/A in 2019	0.0	0.0	0.0	0.0	true / true	N/A for 2019	false	0.5	STOPPED	0.0	
2101	18	61.87	1.5	63.28	3.75	26.12	0.0	0.0	0.0	0.0	true	0.0	N/A in 2019	0.0	0.0	0.0	0.0	true / true	N/A for 2019	false	0.5	STOPPED	0.0	
2133	32	62.71	1.25	64.18	3.25	22.39	0.0	0.0	0.0	0.0	true	0.0	N/A in 2019	0.0	0.0	0.0	0.0	true / true	N/A for 2019	false	0.5	STOPPED	0.0	
2144	11	62.32	1.25	64.05	3.25	-43.39	0.0	0.0	0.0	0.0	true	0.0	N/A in 2019	0.0	0.0	0.0	0.0	true / true	N/A for 2019	false	0.5	STOPPED	0.0	
2160	16	62.83	1.12	65.2	2.88	35.22	0.0	0.0	0.0	0.0	true	0.0	N/A in 2019	0.0	0.0	0.0	0.0	true / true	N/A for 2019	false	0.5	STOPPED	0.0	
2180	20	63.67	1.12	65.52	2.75	41.22	0.0	0.0	0.0	0.0	true	0.0	N/A in 2019	0.0	0.0	0.0	0.0	true / true	N/A for 2019	false	0.5	STOPPED	0.0	
2198	18	63.47	1.12	65.52	2.62	-9.74	0.0	0.0	0.0	0.0	true	0.0	N/A in 2019	0.0	0.0	0.0	0.0	true / true	N/A for 2019	false	0.5	STOPPED	0.0	
2220	21	63.67	1.0	65.14	2.5	9.43	0.0	0.0	0.0	0.0	true	0.0	N/A in 2019	0.0	0.0	0.0	0.0	true / true	N/A for 2019	false	0.5	STOPPED	0.0	
2254	34	63.28	1.0	65.2	2.5	-10.82	0.0	0.0	0.0	0.0	true	0.0	N/A in 2019	0.0	0.0	0.0	0.0	true / true	N/A for 2019	false	0.5	STOPPED	0.0	
2265	11	63.28	1.0	65.27	2.38	-6.83	0.0	0.0	0.0	0.0	true	0.0	N/A in 2019	0.0	0.0	0.0	0.0	true / true	N/A for 2019	false	0.5	STOPPED	0.0	
2280	14	63.22	1.0	65.59	2.38	0.0	0.0	0.0	0.0	0.0	true	0.0	N/A in 2019	0.0	0.0	0.0	0.0	true / true	N/A for 2019	false	0.5	STOPPED	0.0	
2298	17	63.28	1.0	64.95	2.38	3.27	0.0	0.0	0.0	0.0	true	0.0	N/A in 2019	0.0	0.0	0.0	0.0	true / true	N/A for 2019	false	0.5	STOPPED	0.0	
2318	19	63.41	1.0	65.65	2.25	6.34	0.0	0.0	0.0	0.0	true	0.0	N/A in 2019	0.0	0.0	0.0	0.0	true / true	N/A for 2019	false	0.5	STOPPED	0.0	
2339	20	63.03	1.0	64.63	2.38	-19.18	0.0	0.0	0.0	0.0	true	0.0	N/A in 2019	0.0	0.0	0.0	0.0	true / true	N/A for 2019	false	0.5	STOPPED	0.0	
2383	44	63.15	1.0	65.07	2.38	-8.56	0.0	0.0	0.0	0.0	true	0.0	N/A in 2019	0.0	0.0	0.0	0.0	true / true	N/A for 2019	false	0.5	STOPPED	0.0	
2390	7	62.51	1.0	65.2	2.38	-17.73	0.0	0.0	0.0	0.0	true	0.0	N/A in 2019	0.0	0.0	0.0	0.0	true / true	N/A for 2019	false	0.5	STOPPED	0.0	
2399	8	62.51	1.0	65.14	2.25	0.0	0.0	0.0	0.0	0.0	true	0.0	N/A in 2019	0.0	0.0	0.0	0.0	true / true	N/A for 2019	false	0.5	STOPPED	0.0	
2422	23	62.9	0.75	64.82	2.25	18.72	0.0	0.0	0.0	0.0	true	0.0	N/A in 2019	0.0	0.0	0.0	0.0	true / true	N/A for 2019	false	0.5	STOPPED	0.0	
2438	16	63.09	0.75	65.07	2.12	9.76	0.0	0.0	0.0	0.0	true	0.0	N/A in 2019	0.0	0.0	0.0	0.0	true / true	N/A for 2019	false	0.5	STOPPED	0.0	
2459	20	62.9	1.0	64.63	2.12	-9.52	0.0	0.0	0.0	0.0	true	0.0	N/A in 2019	0.0	0.0	0.0	0.0	true / true	N/A for 2019	false	0.5	STOPPED	0.0	
2491	32	62.64	1.0	65.01	2.12	-8.09	0.0	0.0	0.0	0.0	true	0.0	N/A in 2019	0.0	0.0	0.0	0.0	true / true	N/A for 2019	false	0.5	STOPPED	0.125	
2499	7	62.45	1.0	64.56	2.12	-23.15	0.0	0.0	0.0	0.0	true	0.0	N/A in 2019	0.0	0.0	0.0	0.0	true / true	N/A for 2019	false	0.5	STOPPED	0.0	
2519	19	62.07	0.75	64.88	2.12	-18.91	0.0	0.0	0.0	0.0	true	0.0	N/A in 2019	0.0	0.0	0.0	0.0	true / true	N/A for 2019	false	0.5	STOPPED	0.0	
2538	18	62.51	1.0	64.69	2.12	22.89	0.0	0.0	0.0	0.0	true	0.0	N/A in 2019	0.0	0.0	0.0	0.0	true / true	N/A for 2019	false	0.5	STOPPED	0.0	
2561	22	62.58	1.0	65.2	2.12	9.68	0.0	0.0	0.0	0.0	true	0.0	N/A in 2019	0.0	0.0	0.0	0.0	true / true	N/A for 2019	false	0.5	STOPPED	0.0	
2585	24	62.26	1.0	64.11	1.88	-21.73	0.0	0.0	0.0	0.0	true	0.0	N/A in 2019	0.0	0.0	0.0	0.0	true / true	N/A for 2019	false	0.5	STOPPED	0.0	
2616	30	61.81	1.0	64.05	1.88	-11.84	0.0	0.0	0.0	0.0	true	0.0	N/A in 2019	0.0	0.0	0.0	0.0	true / true	N/A for 2019	false	0.5	STOPPED	0.0	
2653	37	61.68	1.0	64.05	2.12	-32.91	0.0	0.0	0.0	0.0	true	0.0	N/A in 2019	0.0	0.0	0.0	0.0	true / true	N/A for 2019	false	0.5	STOPPED	0.0	
2668	14	61.36	1.0	63.92	2.12	24.6	0.0	0.0	0.0	0.0	true	0.0	N/A in 2019	0.0	0.0	0.0	0.0	true / true	N/A for 2019	false	0.5	STOPPED	0.0	
2675	6	62.0	1.0	64.37	2.12	-7.86	0.0	0.0	0.0	0.0	true	0.0	N/A in 2019	0.0	0.0	0.0	0.0	true / true	N/A for 2019	false	0.5	STOPPED	0.0	
2688	13	61.81	1.0	64.18	2.12	-6.01	0.0	0.0	0.0	0.0	true	0.0	N/A in 2019	0.0	0.0	0.0	0.0	true / true	N/A for 2019	false	0.5	STOPPED	0.0	
2699	11	61.43	1.0	63.47	1.88	-30.78	0.0	0.0	0.0	0.0	true	0.0	N/A in 2019	0.0	0.0	0.0	0.0	true / true	N/A for 2019	false	0.5	STOPPED	0.0	
2733	34	61.55	0.75	63.79	2.12	3.67	0.0	0.0	0.0	0.0	true	0.0	N/A in 2019	0.0	0.0	0.0	0.0	true / true	N/A for 2019	false	0.5	STOPPED	0.0	
2746	13	61.55	0.75	63.15	2.12	-17.62	0.0	0.0	0.0	0.0	true	0.0	N/A in 2019	0.0	0.0	0.0	0.0	true / true	N/A for 2019	false	0.5	STOPPED	0.0	
2760	14	61.17	0.75	63.6	2.12	-13.59	0.0	0.0	0.0	0.0	true	0.0	N/A in 2019	0.0	0.0	0.0	0.0	true / true	N/A for 2019	false	0.5	STOPPED	0.0	
2781	21	60.92	0.75	63.67	2.12	-12.46	0.0	0.0	0.0	0.0	true	0.0	N/A in 2019	0.0	0.0	0.0	0.0	true / true	N/A for 2019	false	0.5	STOPPED	0.0	
2800	18	61.43	1.0	63.92	2.12	26.44	0.0	0.0	0.0	0.0	true	0.0	N/A in 2019	0.0	0.0	0.0	0.0	true / true	N/A for 2019	false	0.5	STOPPED	0.0	
2818	18	61.43	1.0	63.09	1.88	0.0	0.0	0.0	0.0	0.0	true	0.0	N/A in 2019	0.0	0.0	0.0	0.0	true / true	N/A for 2019	false	0.5	STOPPED	0.0	
2852	34	60.98	1.0	63.6	1.88	-19.55	0.0	0.0	0.0	0.0	true	0.0	N/A in 2019	0.0	0.0	0.0	0.0	true / true	N/A for 2019	false	0.5	STOPPED	0.0	
2877	24	60.85	0.75	63.09	1.88	0.0	0.0	0.0	0.0	0.0	true	0.0	N/A in 2019	0.0	0.0	0.0	0.0	true / true	N/A for 2019	false	0.5	STOPPED	0.0	
2887	9	60.53	1.0	63.15	1.88	-37.62	0.0	0.0	0.0	0.0	true	0.0	N/A in 2019	0.0	0.0	0.0	0.0	true / true	N/A for 2019	false	0.5	STOPPED	0.0	
2899	12	60.15	1.0	63.03	1.88	-27.75	0.0	0.0	0.0	0.0	true	0.0	N/A in 2019	0.0	0.0	0.0	0.0	true / true	N/A for 2019	false	0.5	STOPPED	0.0	
2921	21	60.34	1.0	63.09	1.88	14.71	0.0	0.0	0.0	0.0	true	0.0	N/A in 2019	0.0	0.0	0.0	0.0	true / true	N/A for 2019	false	0.5	STOPPED	0.0	
2938	16	60.28	1.0	62.71	1.88	-3.49	0.0	0.0	0.0	0.0	true	0.0	N/A in 2019	0.0	0.0	0.0	0.0	true / true	N/A for 2019	false	0.5	STOPPED	0.0	
2973	35	59.96	1.0	62.32	2.12	-9.13	0.0	0.0	0.0	0.0	true	0.0	N/A in 2019	0.0	0.0	0.0	0.0	true / true	N/A for 2019	false	0.5	STOPPED	0.0	
2984	11	59.96	1.0	62.19	1.88	0.0	0.0	0.0	0.0	0.0	true	0.0	N/A in 2019	0.0	0.0	0.0	0.0	true / true	N/A for 2019	false	0.5	STOPPED	0.0	
3000	16	59.76	1.0	61.62	2.12	-12.78	0.0	0.0	0.0	0.0	true	0.0	N/A in 2019	0.0	0.0	0.0	0.0	true / true	N/A for 2019	false	0.5	STOPPED	0.0	
3029	29	59.57	1.0	61.87	2.12	-2.21	0.0	0.0	0.0	0.0	true	0.0	N/A in 2019	0.0	0.0	0.0	0.0	true / true	N/A for 2019	false	0.5	STOPPED	0.0	
3045	16	59.89	1.0	61.94	1.88	16.06	0.0	0.0	0.0	0.0	true	0.0	N/A in 2019	0.0	0.0	0.0	0.0	true / true	N/A for 2019	false	0.5	STOPPED	0.0	
3063	18	59.64	1.0	62.19	2.12	-21.06	0.0	0.0	0.0	0.0	true	0.0	N/A in 2019	0.0	0.0	0.0	0.0	true / true	N/A for 2019	false	0.5	STOPPED	0.0	
3095	32	59.7	0.75	62.13	2.12	3.82	0.0	0.0	0.0	0.0	true	0.0	N/A in 2019	0.0	0.0	0.0	0.0	true / true	N/A for 2019	false	0.5	STOPPED	0.0	
3121	26	59.44	0.75	62.07	1.88	-24.52	0.0	0.0	0.0	0.0	true	0.0	N/A in 2019	0.0	0.0	0.0	0.0	true / true	N/A for 2019	false	0.5	STOPPED	0.0	
3146	25	59.76	0.75	61.62	1.88	12.59	0.0	0.0	0.0	0.0	true	0.0	N/A in 2019	0.0	0.0	0.0	0.0	true / true	N/A for 2019	false	0.5	STOPPED	0.0	
3156	9	59.25	0.75	61.49	1.88	-44.3	0.0	0.0	0.0	0.0	true	0.0	N/A in 2019	0.0	0.0	0.0	0.0	true / true	N/A for 2019	false	0.5	STOPPED	0.0	
3173	17	59.06	0.75	61.81	1.88	3.58	0.0	0.0	0.0	0.0	true	0.0	N/A in 2019	0.0	0.0	0.0	0.0	true / true	N/A for 2019	false	0.5	STOPPED	0.0	
3188	15	59.38	0.75	61.49	2.12	35.38	0.0	0.0	0.0	0.0	true	0.0	N/A in 2019	0.0	0.0	0.0	0.0	true / true	N/A for 2019	false	0.5	STOPPED	0.0	
3215	27	59.57	0.75	61.23	1.88	2.24	0.0	0.0	0.0	0.0	true	0.0	N/A in 2019	0.0	0.0	0.0	0.0	true / true	N/A for 2019	false	0.5	STOPPED	0.0	
3233	17	59.38	0.75	61.11	2.12	-11.19	0.0	0.0	0.0	0.0	true	0.0	N/A in 2019	0.0	0.0	0.0	0.0	true / true	N/A for 2019	false	0.5	STOPPED	0.0	
3250	17	59.0	0.75	60.53	1.88	-29.16	0.0	0.0	0.0	0.0	true	0.0	N/A in 2019	0.0	0.0	0.0	0.0	true / true	N/A for 2019	false	0.5	STOPPED	0.0	
3263	13	58.8	1.0	61.3	1.88	-14.19	0.0	0.0	0.0	0.0	true	0.0	N/A in 2019	0.0	0.0	0.0	0.0	true / true	N/A for 2019	false	0.5	STOPPED	0.0	
3286	22	58.74	1.0	60.98	1.88	-5.53	0.0	0.0	0.0	0.0	true	0.0	N/A in 2019	0.0	0.0	0.0	0.0	true / true	N/A for 2019	false	0.5	STOPPED	0.0	
3304	18	58.55	1.0	60.92	1.88	-3.67	0.0	0.0	0.0	0.0	true	0.0	N/A in 2019	0.0	0.0	0.0	0.0	true / true	N/A for 2019	false	0.5	STOPPED	0.0	
3337	33	58.61	1.0	60.08	1.88	3.61	0.0	0.0	0.0	0.0	true	0.0	N/A in 2019	0.0	0.0	0.0	0.0	true / true	N/A for 2019	false	0.5	STOPPED	0.0	
3353	16	58.61	0.75	60.85	1.88	-8.14	0.0	0.0	0.0	0.0	true	0.0	N/A in 2019	0.0	0.0	0.0	0.0	true / true	N/A for 2019	false	0.5	STOPPED	0.0	
3368	15	58.61	0.75	60.72	1.88	18.57	0.0	0.0	0.0	0.0	true	0.0	N/A in 2019	0.0	0.0	0.0	0.0	true / true	N/A for 2019	false	0.5	STOPPED	0.0	
3384	16	58.61	1.0	59.76	2.12	-24.59	0.0	0.0	0.0	0.0	true	0.0	N/A in 2019	0.0	0.0	0.0	0.0	true / true	N/A for 2019	false	0.5	STOPPED	0.0	
3409	25	58.42	1.0	60.6	1.88	-11.22	0.0	0.0	0.0	0.0	true	0.0	N/A in 2019	0.0	0.0	0.0	0.0	true / true	N/A for 2019	false	0.5	STOPPED	0.0	
3423	13	58.23	1.0	60.4	1.88	-23.68	0.0	0.0	0.0	0.0	true	0.0	N/A in 2019	0.0	0.0	0.0	0.0	true / true	N/A for 2019	false	0.5	STOPPED	0.0	
3456	32	58.16	0.75	59.89	1.88	19.57	0.0	0.0	0.0	0.0	true	0.0	N/A in 2019	0.0	0.0	0.0	0.0	true / true	N/A for 2019	false	0.5	STOPPED	0.0	
3472	15	58.42	0.75	60.15	1.88	-8.51	0.0	0.0	0.0	0.0	true	0.0	N/A in 2019	0.0	0.0	0.0	0.0	true / true	N/A for 2019	false	0.5	STOPPED	0.0	
3484	12	58.29	0.75	60.66	1.88	-12.85	0.0	0.0	0.0	0.0	true	0.0	N/A in 2019	0.0	0.0	0.0	0.0	true / true	N/A for 2019	false	0.5	STOPPED	0.0	
3503	18	58.23	0.75	59.83	1.88	6.66	0.0	0.0	0.0	0.0	true	0.0	N/A in 2019	0.0	0.0	0.0	0.0	true / true	N/A for 2019	false	0.5	STOPPED	0.0	
3526	23	58.16	0.75	59.83	1.88	-11.46	0.0	0.0	0.0	0.0	true	0.0	N/A in 2019	0.0	0.0	0.0	0.0	true / true	N/A for 2019	false	0.5	STOPPED	0.0	
3543	17	57.78	0.75	60.02	1.88	-18.99	0.0	0.0	0.0	0.0	true	0.0	N/A in 2019	0.0	0.0	0.0	0.0	true / true	N/A for 2019	false	0.5	STOPPED	0.0	
3579	35	57.27	0.75	59.57	1.88	-13.08	0.0	0.0	0.0	0.0	true	0.0	N/A in 2019	0.0	0.0	0.0	0.0	true / true	N/A for 2019	false	0.5	STOPPED	0.0	
3595	15	57.46	1.0	58.74	1.88	15.91	0.0	0.0	0.0	0.0	true	0.0	N/A in 2019	0.0	0.0	0.0	0.0	true / true	N/A for 2019	false	0.5	STOPPED	0.0	
3613	17	57.46	1.0	59.19	1.88	-7.58	0.0	0.0	0.0	0.0	true	0.0	N/A in 2019	0.0	0.0	0.0	0.0	true / true	N/A for 2019	false	0.5	STOPPED	0.0	
3626	13	57.4	1.0	59.19	2.12	-5.48	0.0	0.0	0.0	0.0	true	0.0	N/A in 2019	0.0	0.0	0.0	0.0	true / true	N/A for 2019	false	0.5	STOPPED	0.0	
3641	15	56.95	1.0	58.61	2.12	-22.32	0.0	0.0	0.0	0.0	true	0.0	N/A in 2019	0.0	0.0	0.0	0.0	true / true	N/A for 2019	false	0.5	STOPPED	0.0	
3666	25	56.95	0.75	58.87	1.88	6.02	0.0	0.0	0.0	0.0	true	0.0	N/A in 2019	0.0	0.0	0.0	0.0	true / true	N/A for 2019	false	0.5	STOPPED	0.0	
3684	17	56.95	1.0	58.48	1.88	-9.46	0.0	0.0	0.0	0.0	true	0.0	N/A in 2019	0.0	0.0	0.0	0.0	true / true	N/A for 2019	false	0.5	STOPPED	0.0	
3714	29	56.37	1.0	58.93	2.12	-16.03	0.0	0.0	0.0	0.0	true	0.0	N/A in 2019	0.0	0.0	0.0	0.0	true / true	N/A for 2019	false	0.5	STOPPED	0.125	
3732	18	56.88	0.75	58.48	1.88	34.14	0.0	0.0	0.0	0.0	true	0.0	N/A in 2019	0.0	0.0	0.0	0.0	true / true	N/A for 2019	false	0.5	STOPPED	0.125	
3748	16	57.01	1.0	59.19	1.88	8.04	0.0	0.0	0.0	0.0	true	0.0	N/A in 2019	0.0	0.0	0.0	0.0	true / true	N/A for 2019	false	0.5	STOPPED	0.0	
3764	15	56.95	1.0	58.8	1.88	-11.47	0.0	0.0	0.0	0.0	true	0.0	N/A in 2019	0.0	0.0	0.0	0.0	true / true	N/A for 2019	false	0.5	STOPPED	0.0	
3783	18	56.82	1.0	58.23	1.75	0.0	0.0	0.0	0.0	0.0	true	0.0	N/A in 2019	0.0	0.0	0.0	0.0	true / true	N/A for 2019	false	0.5	STOPPED	0.0	
3806	23	56.76	0.75	58.55	1.88	-2.78	0.0	0.0	0.0	0.0	true	0.0	N/A in 2019	0.0	0.0	0.0	0.0	true / true	N/A for 2019	false	0.5	STOPPED	0.0	
3839	33	56.12	0.75	58.55	1.88	-20.28	0.0	0.0	0.0	0.0	true	0.0	N/A in 2019	0.0	0.0	0.0	0.0	true / true	N/A for 2019	false	0.5	STOPPED	0.0	
3859	20	56.44	1.0	57.97	1.88	23.27	0.0	0.0	0.0	0.0	true	0.0	N/A in 2019	0.0	0.0	0.0	0.0	true / true	N/A for 2019	false	0.5	STOPPED	0.0	
3892	33	56.44	1.0	57.97	1.88	0.0	0.0	0.0	0.0	0.0	true	0.0	N/A in 2019	0.0	0.0	0.0	0.0	true / true	N/A for 2019	false	0.5	STOPPED	0.0	
3907	14	56.24	0.75	57.33	2.12	-8.43	0.0	0.0	0.0	0.0	true	0.0	N/A in 2019	0.0	0.0	0.0	0.0	true / true	N/A for 2019	false	0.5	STOPPED	0.0	
3915	8	55.99	0.75	57.59	1.88	-35.91	0.0	0.0	0.0	0.0	true	0.0	N/A in 2019	0.0	0.0	0.0	0.0	true / true	N/A for 2019	false	0.5	STOPPED	0.0	
3933	18	55.8	0.75	57.52	1.88	-8.18	0.0	0.0	0.0	0.0	true	0.0	N/A in 2019	0.0	0.0	0.0	0.0	true / true	N/A for 2019	false	0.5	STOPPED	0.0	
3956	23	55.73	0.75	57.01	1.88	-7.49	0.0	0.0	0.0	0.0	true	0.0	N/A in 2019	0.0	0.0	0.0	0.0	true / true	N/A for 2019	false	0.5	STOPPED	0.0	
3974	18	55.03	1.0	57.59	1.88	-35.56	0.0	0.0	0.0	0.0	true	0.0	N/A in 2019	0.0	0.0	0.0	0.0	true / true	N/A for 2019	false	0.5	STOPPED	0.0	
3990	15	55.09	0.75	57.4	1.88	4.45	0.0	0.0	0.0	0.0	true	0.0	N/A in 2019	0.0	0.0	0.0	0.0	true / true	N/A for 2019	false	0.5	STOPPED	0.0	
4043	53	55.54	0.75	56.56	1.88	3.63	0.0	0.0	0.0	0.0	true	0.0	N/A in 2019	0.0	0.0	0.0	0.0	true / true	N/A for 2019	false	0.5	STOPPED	0.0	
4053	10	55.28	0.5	56.37	1.88	0.0	0.0	0.0	0.0	0.0	true	0.0	N/A in 2019	0.0	0.0	0.0	0.0	true / true	N/A for 2019	false	0.5	STOPPED	0.0	
4076	22	54.64	0.25	56.18	4.25	-84.78	0.0	0.0	0.0	0.0	true	0.0	N/A in 2019	0.0	0.0	0.0	0.0	true / true	N/A for 2019	false	0.5	STOPPED	0.0	
4090	14	50.49	0.12	51.32	6.5	-593.5	0.0	0.0	0.0	0.0	true	0.0	N/A in 2019	0.0	0.0	0.0	0.0	true / true	N/A for 2019	false	0.5	STOPPED	0.0	
4100	9	38.01	0.12	45.05	8.12	-843.73	0.0	0.0	0.0	0.0	true	0.0	N/A in 2019	0.0	0.0	0.0	0.0	true / true	N/A for 2019	false	0.5	STOPPED	0.0	
4113	13	28.35	0.0	36.22	10.88	-934.45	0.0	0.0	0.0	0.0	true	0.0	N/A in 2019	0.0	0.0	0.0	0.0	true / true	N/A for 2019	false	0.5	STOPPED	0.0	
4126	13	21.05	0.0	31.67	12.62	-520.9	0.0	0.0	0.0	0.0	true	0.0	N/A in 2019	0.0	0.0	0.0	0.0	true / true	N/A for 2019	false	0.5	STOPPED	0.0	
4141	15	10.88	0.0	25.59	14.12	-503.41	0.0	0.0	0.0	0.0	true	0.0	N/A in 2019	0.0	0.0	0.0	0.0	true / true	N/A for 2019	false	0.5	STOPPED	0.0	
4165	24	7.49	0.0	22.01	14.75	-171.81	0.0	0.0	0.0	0.0	true	0.0	N/A in 2019	0.0	0.0	0.0	0.0	true / true	N/A for 2019	false	0.5	STOPPED	0.0	
4193	27	3.78	0.0	17.85	14.12	-112.28	0.0	0.0	0.0	0.0	true	0.0	N/A in 2019	0.0	0.0	0.0	0.0	true / true	N/A for 2019	false	0.5	STOPPED	0.0	
4202	9	3.2	0.0	17.53	13.62	-66.49	0.0	0.0	0.0	0.0	true	0.0	N/A in 2019	0.0	0.0	0.0	0.0	true / true	N/A for 2019	false	0.5	STOPPED	0.0	
4219	16	1.98	0.0	16.89	12.75	-51.34	0.0	0.0	0.0	0.0	true	0.0	N/A in 2019	0.0	0.0	0.0	0.0	true / true	N/A for 2019	false	0.5	STOPPED	0.0	
4238	19	0.32	0.0	15.87	11.25	-82.65	0.0	0.0	0.0	0.0	true	0.0	N/A in 2019	0.0	0.0	0.0	0.0	true / true	N/A for 2019	false	0.5	STOPPED	0.0	
4262	23	0.0	0.0	15.23	9.5	-15.09	0.0	0.0	0.0	0.0	true	0.0	N/A in 2019	0.0	0.0	0.0	0.0	true / true	N/A for 2019	false	0.5	STOPPED	0.0	
4279	17	-0.13	0.0	14.65	8.38	-6.9	0.0	0.0	0.0	0.0	true	0.0	N/A in 2019	0.0	0.0	0.0	0.0	true / true	N/A for 2019	false	0.5	STOPPED	0.0	
4311	32	-0.45	0.0	12.73	6.25	-10.46	0.0	0.0	0.0	0.0	true	0.0	N/A in 2019	0.0	0.0	0.0	0.0	true / true	N/A for 2019	false	0.5	STOPPED	0.0	
4319	8	-0.26	0.0	12.22	5.88	19.96	0.0	0.0	0.0	0.0	true	0.0	N/A in 2019	0.0	0.0	0.0	0.0	true / true	N/A for 2019	false	0.5	STOPPED	0.125	
4337	18	0.0	0.0	11.01	4.88	13.09	0.0	0.0	0.0	0.0	true	0.0	N/A in 2019	0.0	0.0	0.0	0.0	true / true	N/A for 2019	false	0.5	STOPPED	0.0	
4357	19	0.0	0.0	10.05	3.75	0.0	0.0	0.0	0.0	0.0	true	0.0	N/A in 2019	0.0	0.0	0.0	0.0	true / true	N/A for 2019	false	0.5	STOPPED	0.0	
4378	21	0.0	0.0	8.7	2.88	0.0	0.0	0.0	0.0	0.0	true	0.0	N/A in 2019	0.0	0.0	0.0	0.0	true / true	N/A for 2019	false	0.5	STOPPED	0.0	
4400	21	0.0	0.0	7.23	2.0	0.0	0.0	0.0	0.0	0.0	true	0.0	N/A in 2019	0.0	0.0	0.0	0.0	true / true	N/A for 2019	false	0.5	STOPPED	0.0	
4431	31	0.0	0.0	4.99	0.88	0.0	0.0	0.0	0.0	0.0	true	0.0	N/A in 2019	0.0	0.0	0.0	0.0	true / true	N/A for 2019	false	0.5	STOPPED	0.0	
4441	10	0.0	0.0	4.61	0.75	0.0	0.0	0.0	0.0	0.0	true	0.0	N/A in 2019	0.0	0.0	0.0	0.0	true / true	N/A for 2019	false	0.5	STOPPED	0.0	
4459	18	0.0	0.0	2.88	0.38	0.0	0.0	0.0	0.0	0.0	true	0.0	N/A in 2019	0.0	0.0	0.0	0.0	true / true	N/A for 2019	false	0.5	STOPPED	0.0	
4480	21	0.0	0.0	1.09	0.12	0.0	0.0	0.0	0.0	0.0	true	0.0	N/A in 2019	0.0	0.0	0.0	0.0	true / true	N/A for 2019	false	0.5	STOPPED	0.0	
4500	20	0.0	0.0	0.13	0.12	0.0	0.0	0.0	0.0	0.0	true	0.0	N/A in 2019	0.0	0.0	0.0	0.0	true / true	N/A for 2019	false	0.5	STOPPED	0.0	
4519	19	0.0	0.0	0.0	0.12	0.0	0.0	0.0	0.0	0.0	true	0.0	N/A in 2019	0.0	0.0	0.0	0.0	true / true	N/A for 2019	false	0.5	STOPPED	0.0	
4551	32	0.0	0.0	0.0	0.12	0.0	0.0	0.0	0.0	0.0	true	0.0	N/A in 2019	0.0	0.0	0.0	0.0	true / true	N/A for 2019	false	0.5	STOPPED	0.0	
4560	9	0.0	0.0	0.0	0.12	0.0	0.0	0.0	0.0	0.0	true	0.0	N/A in 2019	0.0	0.0	0.0	0.0	true / true	N/A for 2019	false	0.5	STOPPED	0.0	
4577	17	0.0	0.0	0.0	0.12	0.0	0.0	0.0	0.0	0.0	true	0.0	N/A in 2019	0.0	0.0	0.0	0.0	true / true	N/A for 2019	false	0.5	STOPPED	0.0	
4597	19	0.0	0.0	0.0	0.12	0.0	0.0	0.0	0.0	0.0	true	0.0	N/A in 2019	0.0	0.0	0.0	0.0	true / true	N/A for 2019	false	0.5	STOPPED	0.0	
4620	23	0.0	0.0	0.0	0.12	0.0	0.0	0.0	0.0	0.0	true	0.0	N/A in 2019	0.0	0.0	0.0	0.0	true / true	N/A for 2019	false	0.5	STOPPED	0.0	
4637	17	0.0	0.0	0.0	0.12	0.0	0.0	0.0	0.0	0.0	true	0.0	N/A in 2019	0.0	0.0	0.0	0.0	true / true	N/A for 2019	false	0.5	STOPPED	0.0	
4671	34	0.0	0.0	0.0	0.12	0.0	0.0	0.0	0.0	0.0	true	0.0	N/A in 2019	0.0	0.0	0.0	0.0	true / true	N/A for 2019	false	0.5	STOPPED	0.0	
4678	6	0.0	0.0	0.0	0.12	0.0	0.0	0.0	0.0	0.0	true	0.0	N/A in 2019	0.0	0.0	0.0	0.0	true / true	N/A for 2019	false	0.5	STOPPED	0.0	
4703	25	0.0	0.0	0.0	0.12	0.0	0.0	0.0	0.0	0.0	true	0.0	N/A in 2019	0.0	0.0	0.0	0.0	true / true	N/A for 2019	false	0.5	STOPPED	0.0	
4718	14	0.0	0.0	0.0	0.12	0.0	0.0	0.0	0.0	0.0	true	0.0	N/A in 2019	0.0	0.0	0.0	0.0	true / true	N/A for 2019	false	0.5	STOPPED	0.0	
4737	19	0.0	0.0	0.0	0.12	0.0	0.0	0.0	0.0	0.0	true	0.0	N/A in 2019	0.0	0.0	0.0	0.0	true / true	N/A for 2019	false	0.5	STOPPED	0.0	
4759	22	0.0	0.0	0.0	0.12	0.0	0.0	0.0	0.0	0.0	true	0.0	N/A in 2019	0.0	0.0	0.0	0.0	true / true	N/A for 2019	false	0.5	STOPPED	0.0	
4791	32	0.0	0.0	0.0	0.12	0.0	0.0	0.0	0.0	0.0	true	0.0	N/A in 2019	0.0	0.0	0.0	0.0	true / true	N/A for 2019	false	0.5	STOPPED	0.0	
4798	7	0.0	0.0	0.0	0.12	0.0	0.0	0.0	0.0	0.0	true	0.0	N/A in 2019	0.0	0.0	0.0	0.0	true / true	N/A for 2019	false	0.5	STOPPED	0.0	
4818	19	0.0	0.0	0.0	0.12	0.0	0.0	0.0	0.0	0.0	true	0.0	N/A in 2019	0.0	0.0	0.0	0.0	true / true	N/A for 2019	false	0.5	STOPPED	0.0	
4838	19	0.0	0.0	0.0	0.12	0.0	0.0	0.0	0.0	0.0	true	0.0	N/A in 2019	0.0	0.0	0.0	0.0	true / true	N/A for 2019	false	0.5	STOPPED	0.0	
4857	19	0.0	0.0	0.0	0.12	0.0	0.0	0.0	0.0	0.0	true	0.0	N/A in 2019	0.0	0.0	0.0	0.0	true / true	N/A for 2019	false	0.5	STOPPED	0.0	
4882	24	0.0	0.0	0.0	0.12	0.0	0.0	0.0	0.0	0.0	true	0.0	N/A in 2019	0.0	0.0	0.0	0.0	true / true	N/A for 2019	false	0.5	STOPPED	0.0	
4911	28	0.0	0.0	0.0	0.12	0.0	0.0	0.0	0.0	0.0	true	0.0	N/A in 2019	0.0	0.0	0.0	0.0	true / true	N/A for 2019	false	0.5	STOPPED	0.0	
4919	8	0.0	0.0	0.0	0.12	0.0	0.0	0.0	0.0	0.0	true	0.0	N/A in 2019	0.0	0.0	0.0	0.0	true / true	N/A for 2019	false	0.5	STOPPED	0.125	
4937	18	0.0	0.0	0.0	0.12	0.0	0.0	0.0	0.0	0.0	true	0.0	N/A in 2019	0.0	0.0	0.0	0.0	true / true	N/A for 2019	false	0.5	STOPPED	0.125	
4957	20	0.0	0.0	0.0	0.12	0.0	0.0	0.0	0.0	0.0	true	0.0	N/A in 2019	0.0	0.0	0.0	0.0	true / true	N/A for 2019	false	0.5	STOPPED	0.0	
4977	20	0.0	0.0	0.0	0.12	0.0	0.0	0.0	0.0	0.0	true	0.0	N/A in 2019	0.0	0.0	0.0	0.0	true / true	N/A for 2019	false	0.5	STOPPED	0.0	
4997	19	0.0	0.0	0.0	0.12	0.0	0.0	0.0	0.0	0.0	true	0.0	N/A in 2019	0.0	0.0	0.0	0.0	true / true	N/A for 2019	false	0.5	STOPPED	0.0	
5029	31	0.0	0.0	0.0	0.12	0.0	0.0	0.0	0.0	0.0	true	0.0	N/A in 2019	0.0	0.0	0.0	0.0	true / true	N/A for 2019	false	0.5	STOPPED	0.125	
5037	8	0.0	0.0	0.0	0.12	0.0	0.0	0.0	0.0	0.0	true	0.0	N/A in 2019	0.0	0.0	0.0	0.0	true / true	N/A for 2019	false	0.5	STOPPED	0.125	
5057	20	0.0	0.0	0.0	0.12	0.0	0.0	0.0	0.0	0.0	true	0.0	N/A in 2019	0.0	0.0	0.0	0.0	true / true	N/A for 2019	false	0.5	STOPPED	0.0	
5077	20	0.0	0.0	0.0	0.12	0.0	0.0	0.0	0.0	0.0	true	0.0	N/A in 2019	0.0	0.0	0.0	0.0	true / true	N/A for 2019	false	0.5	STOPPED	0.0	
5098	21	0.0	0.0	0.0	0.12	0.0	0.0	0.0	0.0	0.0	true	0.0	N/A in 2019	0.0	0.0	0.0	0.0	true / true	N/A for 2019	false	0.5	STOPPED	0.0	
5117	19	0.0	0.0	0.0	0.12	0.0	0.0	0.0	0.0	0.0	true	0.0	N/A in 2019	0.0	0.0	0.0	0.0	true / true	N/A for 2019	false	0.5	STOPPED	0.125	
5162	45	0.0	0.0	0.0	0.12	0.0	0.0	0.0	0.0	0.0	true	0.0	N/A in 2019	0.0	0.0	0.0	0.0	true / true	N/A for 2019	false	0.5	STOPPED	0.0	
5172	10	0.0	0.0	0.0	0.12	0.0	0.0	0.0	0.0	0.0	true	0.0	N/A in 2019	0.0	0.0	0.0	0.0	true / true	N/A for 2019	false	0.5	STOPPED	0.0	
5189	16	0.0	0.0	0.0	0.12	0.0	0.0	0.0	0.0	0.0	true	0.0	N/A in 2019	0.0	0.0	0.0	0.0	true / true	N/A for 2019	false	0.5	STOPPED	0.0	
5203	14	0.0	0.0	0.0	0.12	0.0	0.0	0.0	0.0	0.0	true	0.0	N/A in 2019	0.0	0.0	0.0	0.0	true / true	N/A for 2019	false	0.5	STOPPED	0.0	
5217	13	0.0	0.0	0.0	0.12	0.0	0.0	0.0	0.0	0.0	true	0.0	N/A in 2019	0.0	0.0	0.0	0.0	true / true	N/A for 2019	false	0.5	STOPPED	0.0	
5237	20	0.0	0.0	0.0	0.12	0.0	0.0	0.0	0.0	0.0	true	0.0	N/A in 2019	0.0	0.0	0.0	0.0	true / true	N/A for 2019	false	0.5	STOPPED	0.0	
5258	21	0.0	0.0	0.0	0.12	0.0	0.0	0.0	0.0	0.0	true	0.0	N/A in 2019	0.0	0.0	0.0	0.0	true / true	N/A for 2019	false	0.5	STOPPED	0.0	
5294	36	0.0	0.0	0.0	0.12	0.0	0.0	0.0	0.0	0.0	true	0.0	N/A in 2019	0.0	0.0	0.0	0.0	true / true	N/A for 2019	false	0.5	STOPPED	0.0	
5304	10	0.0	0.0	0.0	0.12	0.0	0.0	0.0	0.0	0.0	true	0.0	N/A in 2019	0.0	0.0	0.0	0.0	true / true	N/A for 2019	false	0.5	STOPPED	0.0	
5317	13	0.0	0.0	0.0	0.12	0.0	0.0	0.0	0.0	0.0	true	0.0	N/A in 2019	0.0	0.0	0.0	0.0	true / true	N/A for 2019	false	0.5	STOPPED	0.0	
5337	19	0.0	0.0	0.0	0.12	0.0	0.0	0.0	0.0	0.0	true	0.0	N/A in 2019	0.0	0.0	0.0	0.0	true / true	N/A for 2019	false	0.5	STOPPED	0.0	
5357	20	0.0	0.0	0.0	0.12	0.0	0.0	0.0	0.0	0.0	true	0.0	N/A in 2019	0.0	0.0	0.0	0.0	true / true	N/A for 2019	false	0.5	STOPPED	0.0	
5377	20	0.0	0.0	0.0	0.12	0.0	0.0	0.0	0.0	0.0	true	0.0	N/A in 2019	0.0	0.0	0.0	0.0	true / true	N/A for 2019	false	0.5	STOPPED	0.0	
5409	32	0.0	0.0	0.0	0.12	0.0	0.0	0.0	0.0	0.0	true	0.0	N/A in 2019	0.0	0.0	0.0	0.0	true / true	N/A for 2019	false	0.5	STOPPED	0.0	
5417	8	0.0	0.0	0.0	0.12	0.0	0.0	0.0	0.0	0.0	true	0.0	N/A in 2019	0.0	0.0	0.0	0.0	true / true	N/A for 2019	false	0.5	STOPPED	0.0	
5438	21	0.0	0.0	0.0	0.12	0.0	0.0	0.0	0.0	0.0	true	0.0	N/A in 2019	0.0	0.0	0.0	0.0	true / true	N/A for 2019	false	0.5	STOPPED	0.0	
5457	18	0.0	0.0	0.0	0.12	0.0	0.0	0.0	0.0	0.0	true	0.0	N/A in 2019	0.0	0.0	0.0	0.0	true / true	N/A for 2019	false	0.5	STOPPED	0.0	
5479	22	0.0	0.0	0.0	0.12	0.0	0.0	0.0	0.0	0.0	true	0.0	N/A in 2019	0.0	0.0	0.0	0.0	true / true	N/A for 2019	false	0.5	STOPPED	0.0	
5497	17	0.0	0.0	0.0	0.12	0.0	0.0	0.0	0.0	0.0	true	0.0	N/A in 2019	0.0	0.0	0.0	0.0	true / true	N/A for 2019	false	0.5	STOPPED	0.0	
5529	32	0.0	0.0	0.0	0.12	0.0	0.0	0.0	0.0	0.0	true	0.0	N/A in 2019	0.0	0.0	0.0	0.0	true / true	N/A for 2019	false	0.5	STOPPED	0.0	
5543	14	0.0	0.0	0.0	0.12	0.0	0.0	0.0	0.0	0.0	true	0.0	N/A in 2019	0.0	0.0	0.0	0.0	true / true	N/A for 2019	false	0.5	STOPPED	0.125	
5556	13	0.0	0.0	0.0	0.12	0.0	0.0	0.0	0.0	0.0	true	0.0	N/A in 2019	0.0	0.0	0.0	0.0	true / true	N/A for 2019	false	0.5	STOPPED	0.125	
5580	23	0.0	0.0	0.0	0.12	0.0	0.0	0.0	0.0	0.0	true	0.0	N/A in 2019	0.0	0.0	0.0	0.0	true / true	N/A for 2019	false	0.5	STOPPED	0.0	
5598	18	0.0	0.0	0.0	0.12	0.0	0.0	0.0	0.0	0.0	true	0.0	N/A in 2019	0.0	0.0	0.0	0.0	true / true	N/A for 2019	false	0.5	STOPPED	0.0	
5617	19	0.0	0.0	0.0	0.12	0.0	0.0	0.0	0.0	0.0	true	0.0	N/A in 2019	0.0	0.0	0.0	0.0	true / true	N/A for 2019	false	0.5	STOPPED	0.0	
5651	34	0.0	0.0	0.0	0.12	0.0	0.0	0.0	0.0	0.0	true	0.0	N/A in 2019	0.0	0.0	0.0	0.0	true / true	N/A for 2019	false	0.5	STOPPED	0.0	
5657	6	0.0	0.0	0.0	0.12	0.0	0.0	0.0	0.0	0.0	true	0.0	N/A in 2019	0.0	0.0	0.0	0.0	true / true	N/A for 2019	false	0.5	STOPPED	0.0	
5677	20	0.0	0.0	0.0	0.12	0.0	0.0	0.0	0.0	0.0	true	0.0	N/A in 2019	0.0	0.0	0.0	0.0	true / true	N/A for 2019	false	0.5	STOPPED	0.0	
5697	20	0.0	0.0	0.0	0.12	0.0	0.0	0.0	0.0	0.0	true	0.0	N/A in 2019	0.0	0.0	0.0	0.0	true / true	N/A for 2019	false	0.5	STOPPED	0.0	
5717	20	0.0	0.0	0.0	0.12	0.0	0.0	0.0	0.0	0.0	true	0.0	N/A in 2019	0.0	0.0	0.0	0.0	true / true	N/A for 2019	false	0.5	STOPPED	0.0	
5737	20	0.0	0.0	0.0	0.12	0.0	0.0	0.0	0.0	0.0	true	0.0	N/A in 2019	0.0	0.0	0.0	0.0	true / true	N/A for 2019	false	0.5	STOPPED	0.125	
5772	35	0.0	0.0	0.0	0.12	0.0	0.0	0.0	0.0	0.0	true	0.0	N/A in 2019	0.0	0.0	0.0	0.0	true / true	N/A for 2019	false	0.5	STOPPED	0.125	
5783	11	0.0	0.0	0.0	0.12	0.0	0.0	0.0	0.0	0.0	true	0.0	N/A in 2019	0.0	0.0	0.0	0.0	true / true	N/A for 2019	false	0.5	STOPPED	0.0	
5797	13	0.0	0.0	0.0	0.12	0.0	0.0	0.0	0.0	0.0	true	0.0	N/A in 2019	0.0	0.0	0.0	0.0	true / true	N/A for 2019	false	0.5	STOPPED	0.0	
5818	20	0.0	0.0	0.0	0.12	0.0	0.0	0.0	0.0	0.0	true	0.0	N/A in 2019	0.0	0.0	0.0	0.0	true / true	N/A for 2019	false	0.5	STOPPED	0.0	
5836	18	0.0	0.0	0.0	0.12	0.0	0.0	0.0	0.0	0.0	true	0.0	N/A in 2019	0.0	0.0	0.0	0.0	true / true	N/A for 2019	false	0.5	STOPPED	0.0	
5857	20	0.0	0.0	0.0	0.12	0.0	0.0	0.0	0.0	0.0	true	0.0	N/A in 2019	0.0	0.0	0.0	0.0	true / true	N/A for 2019	false	0.5	STOPPED	0.0	
5891	34	0.0	0.0	0.0	0.12	0.0	0.0	0.0	0.0	0.0	true	0.0	N/A in 2019	0.0	0.0	0.0	0.0	true / true	N/A for 2019	false	0.5	STOPPED	0.0	
5897	6	0.0	0.0	0.0	0.12	0.0	0.0	0.0	0.0	0.0	true	0.0	N/A in 2019	0.0	0.0	0.0	0.0	true / true	N/A for 2019	false	0.5	STOPPED	0.0	
5919	22	0.0	0.0	0.0	0.12	0.0	0.0	0.0	0.0	0.0	true	0.0	N/A in 2019	0.0	0.0	0.0	0.0	true / true	N/A for 2019	false	0.5	STOPPED	0.0	
5938	19	0.0	0.0	0.0	0.12	0.0	0.0	0.0	0.0	0.0	true	0.0	N/A in 2019	0.0	0.0	0.0	0.0	true / true	N/A for 2019	false	0.5	STOPPED	0.125	
5958	20	0.0	0.0	0.0	0.12	0.0	0.0	0.0	0.0	0.0	true	0.0	N/A in 2019	0.0	0.0	0.0	0.0	true / true	N/A for 2019	false	0.5	STOPPED	0.125	
5976	18	0.0	0.0	0.0	0.12	0.0	0.0	0.0	0.0	0.0	true	0.0	N/A in 2019	0.0	0.0	0.0	0.0	true / true	N/A for 2019	false	0.5	STOPPED	0.0	
6010	33	0.0	0.0	0.0	0.12	0.0	0.0	0.0	0.0	0.0	true	0.0	N/A in 2019	0.0	0.0	0.0	0.0	true / true	N/A for 2019	false	0.5	STOPPED	0.0	
6019	9	0.0	0.0	0.0	0.12	0.0	0.0	0.0	0.0	0.0	true	0.0	N/A in 2019	0.0	0.0	0.0	0.0	true / true	N/A for 2019	false	0.5	STOPPED	0.0	
6036	17	0.0	0.0	0.0	0.12	0.0	0.0	0.0	0.0	0.0	true	0.0	N/A in 2019	0.0	0.0	0.0	0.0	true / true	N/A for 2019	false	0.5	STOPPED	0.125	
6056	19	0.0	0.0	0.0	0.12	0.0	0.0	0.0	0.0	0.0	true	0.0	N/A in 2019	0.0	0.0	0.0	0.0	true / true	N/A for 2019	false	0.5	STOPPED	0.125	
6077	20	0.0	0.0	0.0	0.12	0.0	0.0	0.0	0.0	0.0	true	0.0	N/A in 2019	0.0	0.0	0.0	0.0	true / true	N/A for 2019	false	0.5	STOPPED	0.0	
6097	20	0.0	0.0	0.0	0.12	0.0	0.0	0.0	0.0	0.0	true	0.0	N/A in 2019	0.0	0.0	0.0	0.0	true / true	N/A for 2019	false	0.5	STOPPED	0.0	
6130	32	0.0	0.0	0.0	0.12	0.0	0.0	0.0	0.0	0.0	true	0.0	N/A in 2019	0.0	0.0	0.0	0.0	true / true	N/A for 2019	false	0.5	STOPPED	0.0	
6138	7	0.0	0.0	0.0	0.12	0.0	0.0	0.0	0.0	0.0	true	0.0	N/A in 2019	0.0	0.0	0.0	0.0	true / true	N/A for 2019	false	0.5	STOPPED	0.0	
6156	17	0.0	0.0	0.0	0.12	0.0	0.0	0.0	0.0	0.0	true	0.0	N/A in 2019	0.0	0.0	0.0	0.0	true / true	N/A for 2019	false	0.5	STOPPED	0.0	
6177	20	0.0	0.0	0.0	0.12	0.0	0.0	0.0	0.0	0.0	true	0.0	N/A in 2019	0.0	0.0	0.0	0.0	true / true	N/A for 2019	false	0.5	STOPPED	0.0	
6197	20	0.0	0.0	0.0	0.12	0.0	0.0	0.0	0.0	0.0	true	0.0	N/A in 2019	0.0	0.0	0.0	0.0	true / true	N/A for 2019	false	0.5	STOPPED	0.0	
6217	20	0.0	0.0	0.0	0.12	0.0	0.0	0.0	0.0	0.0	true	0.0	N/A in 2019	0.0	0.0	0.0	0.0	true / true	N/A for 2019	false	0.5	STOPPED	0.0	
6249	32	0.0	0.0	0.0	0.12	0.0	0.0	0.0	0.0	0.0	true	0.0	N/A in 2019	0.0	0.0	0.0	0.0	true / true	N/A for 2019	false	0.5	STOPPED	0.0	
6257	8	0.0	0.0	0.0	0.12	0.0	0.0	0.0	0.0	0.0	true	0.0	N/A in 2019	0.0	0.0	0.0	0.0	true / true	N/A for 2019	false	0.5	STOPPED	0.0	
6278	20	0.0	0.0	0.0	0.12	0.0	0.0	0.0	0.0	0.0	true	0.0	N/A in 2019	0.0	0.0	0.0	0.0	true / true	N/A for 2019	false	0.5	STOPPED	0.0	
6296	18	0.0	0.0	0.0	0.12	0.0	0.0	0.0	0.0	0.0	true	0.0	N/A in 2019	0.0	0.0	0.0	0.0	true / true	N/A for 2019	false	0.5	STOPPED	0.0	
6317	20	0.0	0.0	0.0	0.12	0.0	0.0	0.0	0.0	0.0	true	0.0	N/A in 2019	0.0	0.0	0.0	0.0	true / true	N/A for 2019	false	0.5	STOPPED	0.0	
6337	20	0.0	0.0	0.0	0.12	0.0	0.0	0.0	0.0	0.0	true	0.0	N/A in 2019	0.0	0.0	0.0	0.0	true / true	N/A for 2019	false	0.5	STOPPED	0.0	
6369	31	0.0	0.0	0.0	0.12	0.0	0.0	0.0	0.0	0.0	true	0.0	N/A in 2019	0.0	0.0	0.0	0.0	true / true	N/A for 2019	false	0.5	STOPPED	0.0	
6378	8	0.0	0.0	0.0	0.12	0.0	0.0	0.0	0.0	0.0	true	0.0	N/A in 2019	0.0	0.0	0.0	0.0	true / true	N/A for 2019	false	0.5	STOPPED	0.0	
6397	19	0.0	0.0	0.0	0.12	0.0	0.0	0.0	0.0	0.0	true	0.0	N/A in 2019	0.0	0.0	0.0	0.0	true / true	N/A for 2019	false	0.5	STOPPED	0.0	
6417	20	0.0	0.0	0.0	0.12	0.0	0.0	0.0	0.0	0.0	true	0.0	N/A in 2019	0.0	0.0	0.0	0.0	true / true	N/A for 2019	false	0.5	STOPPED	0.0	
6437	20	0.0	0.0	0.0	0.12	0.0	0.0	0.0	0.0	0.0	true	0.0	N/A in 2019	0.0	0.0	0.0	0.0	true / true	N/A for 2019	false	0.5	STOPPED	0.0	
6458	21	0.0	0.0	0.0	0.12	0.0	0.0	0.0	0.0	0.0	true	0.0	N/A in 2019	0.0	0.0	0.0	0.0	true / true	N/A for 2019	false	0.5	STOPPED	0.0	
6491	33	0.0	0.0	0.0	0.12	0.0	0.0	0.0	0.0	0.0	true	0.0	N/A in 2019	0.0	0.0	0.0	0.0	true / true	N/A for 2019	false	0.5	STOPPED	0.125	
6497	6	0.0	0.0	0.0	0.12	0.0	0.0	0.0	0.0	0.0	true	0.0	N/A in 2019	0.0	0.0	0.0	0.0	true / true	N/A for 2019	false	0.5	STOPPED	0.0	
6531	33	0.0	0.0	0.0	0.12	0.0	0.0	0.0	0.0	0.0	true	0.0	N/A in 2019	0.0	0.0	0.0	0.0	true / true	N/A for 2019	false	0.5	STOPPED	0.0	
6545	13	0.0	0.0	0.0	0.12	0.0	0.0	0.0	0.0	0.0	true	0.0	N/A in 2019	0.0	0.0	0.0	0.0	true / true	N/A for 2019	false	0.5	STOPPED	0.0	
6557	11	0.0	0.0	0.0	0.12	0.0	0.0	0.0	0.0	0.0	true	0.0	N/A in 2019	0.0	0.0	0.0	0.0	true / true	N/A for 2019	false	0.5	STOPPED	0.0	
6577	20	0.0	0.0	0.0	0.12	0.0	0.0	0.0	0.0	0.0	true	0.0	N/A in 2019	0.0	0.0	0.0	0.0	true / true	N/A for 2019	false	0.5	STOPPED	0.125	
6611	34	0.0	0.0	0.0	0.12	0.0	0.0	0.0	0.0	0.0	true	0.0	N/A in 2019	0.0	0.0	0.0	0.0	true / true	N/A for 2019	false	0.5	STOPPED	0.0	
6617	6	0.0	0.0	0.0	0.12	0.0	0.0	0.0	0.0	0.0	true	0.0	N/A in 2019	0.0	0.0	0.0	0.0	true / true	N/A for 2019	false	0.5	STOPPED	0.0	
6637	20	0.0	0.0	0.0	0.12	0.0	0.0	0.0	0.0	0.0	true	0.0	N/A in 2019	0.0	0.0	0.0	0.0	true / true	N/A for 2019	false	0.5	STOPPED	0.0	
6657	20	0.0	0.0	0.0	0.12	0.0	0.0	0.0	0.0	0.0	true	0.0	N/A in 2019	0.0	0.0	0.0	0.0	true / true	N/A for 2019	false	0.5	STOPPED	0.0	
6677	20	0.0	0.0	0.0	0.12	0.0	0.0	0.0	0.0	0.0	true	0.0	N/A in 2019	0.0	0.0	0.0	0.0	true / true	N/A for 2019	false	0.5	STOPPED	0.0	
6696	18	0.0	0.0	0.0	0.12	0.0	0.0	0.0	0.0	0.0	true	0.0	N/A in 2019	0.0	0.0	0.0	0.0	true / true	N/A for 2019	false	0.5	STOPPED	0.0	
6731	34	0.0	0.0	0.0	0.12	0.0	0.0	0.0	0.0	0.0	true	0.0	N/A in 2019	0.0	0.0	0.0	0.0	true / true	N/A for 2019	false	0.5	STOPPED	0.0	
6738	7	0.0	0.0	0.0	0.12	0.0	0.0	0.0	0.0	0.0	true	0.0	N/A in 2019	0.0	0.0	0.0	0.0	true / true	N/A for 2019	false	0.5	STOPPED	0.0	
6757	19	0.0	0.0	0.0	0.12	0.0	0.0	0.0	0.0	0.0	true	0.0	N/A in 2019	0.0	0.0	0.0	0.0	true / true	N/A for 2019	false	0.5	STOPPED	0.125	
6777	19	0.0	0.0	0.0	0.12	0.0	0.0	0.0	0.0	0.0	true	0.0	N/A in 2019	0.0	0.0	0.0	0.0	true / true	N/A for 2019	false	0.5	STOPPED	0.125	
6801	24	0.0	0.0	0.0	0.12	0.0	0.0	0.0	0.0	0.0	true	0.0	N/A in 2019	0.0	0.0	0.0	0.0	true / true	N/A for 2019	false	0.5	STOPPED	0.0	
6820	19	0.0	0.0	0.0	0.12	0.0	0.0	0.0	0.0	0.0	true	0.0	N/A in 2019	0.0	0.0	0.0	0.0	true / true	N/A for 2019	false	0.5	STOPPED	0.0	
6852	32	0.0	0.0	0.0	0.12	0.0	0.0	0.0	0.0	0.0	true	0.0	N/A in 2019	0.0	0.0	0.0	0.0	true / true	N/A for 2019	false	0.5	STOPPED	0.0	
6865	12	0.0	0.0	0.0	0.12	0.0	0.0	0.0	0.0	0.0	true	0.0	N/A in 2019	0.0	0.0	0.0	0.0	true / true	N/A for 2019	false	0.5	STOPPED	0.0	
6880	15	0.0	0.0	0.0	0.12	0.0	0.0	0.0	0.0	0.0	true	0.0	N/A in 2019	0.0	0.0	0.0	0.0	true / true	N/A for 2019	false	0.5	STOPPED	0.0	
6901	21	0.0	0.0	0.0	0.12	0.0	0.0	0.0	0.0	0.0	true	0.0	N/A in 2019	0.0	0.0	0.0	0.0	true / true	N/A for 2019	false	0.5	STOPPED	0.0	
6919	18	0.0	0.0	0.0	0.12	0.0	0.0	0.0	0.0	0.0	true	0.0	N/A in 2019	0.0	0.0	0.0	0.0	true / true	N/A for 2019	false	0.5	STOPPED	0.0	
6939	20	0.0	0.0	0.0	0.12	0.0	0.0	0.0	0.0	0.0	true	0.0	N/A in 2019	0.0	0.0	0.0	0.0	true / true	N/A for 2019	false	0.5	STOPPED	0.0	
6972	33	0.0	0.0	0.0	0.12	0.0	0.0	0.0	0.0	0.0	true	0.0	N/A in 2019	0.0	0.0	0.0	0.0	true / true	N/A for 2019	false	0.5	STOPPED	0.125	
6980	8	0.0	0.0	0.0	0.12	0.0	0.0	0.0	0.0	0.0	true	0.0	N/A in 2019	0.0	0.0	0.0	0.0	true / true	N/A for 2019	false	0.5	STOPPED	0.0	
6998	18	0.0	0.0	0.0	0.12	0.0	0.0	0.0	0.0	0.0	true	0.0	N/A in 2019	0.0	0.0	0.0	0.0	true / true	N/A for 2019	false	0.5	STOPPED	0.0	
7023	24	0.0	0.0	0.0	0.12	0.0	0.0	0.0	0.0	0.0	true	0.0	N/A in 2019	0.0	0.0	0.0	0.0	true / true	N/A for 2019	false	0.5	STOPPED	0.0	
7038	15	0.0	0.0	0.0	0.12	0.0	0.0	0.0	0.0	0.0	true	0.0	N/A in 2019	0.0	0.0	0.0	0.0	true / true	N/A for 2019	false	0.5	STOPPED	0.0	
7063	24	0.0	0.0	0.0	0.12	0.0	0.0	0.0	0.0	0.0	true	0.0	N/A in 2019	0.0	0.0	0.0	0.0	true / true	N/A for 2019	false	0.5	STOPPED	0.0	
7091	28	0.0	0.0	0.0	0.12	0.0	0.0	0.0	0.0	0.0	true	0.0	N/A in 2019	0.0	0.0	0.0	0.0	true / true	N/A for 2019	false	0.5	STOPPED	0.0	
7103	11	0.0	0.0	0.0	0.12	0.0	0.0	0.0	0.0	0.0	true	0.0	N/A in 2019	0.0	0.0	0.0	0.0	true / true	N/A for 2019	false	0.5	STOPPED	0.0	
7121	18	0.0	0.0	0.0	0.12	0.0	0.0	0.0	0.0	0.0	true	0.0	N/A in 2019	0.0	0.0	0.0	0.0	true / true	N/A for 2019	false	0.5	STOPPED	0.0	
7144	23	0.0	0.0	0.0	0.12	0.0	0.0	0.0	0.0	0.0	true	0.0	N/A in 2019	0.0	0.0	0.0	0.0	true / true	N/A for 2019	false	0.5	STOPPED	0.0	
7161	16	0.0	0.0	0.0	0.12	0.0	0.0	0.0	0.0	0.0	true	0.0	N/A in 2019	0.0	0.0	0.0	0.0	true / true	N/A for 2019	false	0.5	STOPPED	0.0	
7183	22	0.0	0.0	0.0	0.12	0.0	0.0	0.0	0.0	0.0	true	0.0	N/A in 2019	0.0	0.0	0.0	0.0	true / true	N/A for 2019	false	0.5	STOPPED	0.0	
7211	28	0.0	0.0	0.0	0.12	0.0	0.0	0.0	0.0	0.0	true	0.0	N/A in 2019	0.0	0.0	0.0	0.0	true / true	N/A for 2019	false	0.5	STOPPED	0.0	
7223	12	0.0	0.0	0.0	0.12	0.0	0.0	0.0	0.0	0.0	true	0.0	N/A in 2019	0.0	0.0	0.0	0.0	true / true	N/A for 2019	false	0.5	STOPPED	0.0	
7238	15	0.0	0.0	0.0	0.12	0.0	0.0	0.0	0.0	0.0	true	0.0	N/A in 2019	0.0	0.0	0.0	0.0	true / true	N/A for 2019	false	0.5	STOPPED	0.0	
7275	37	0.0	0.0	0.0	0.12	0.0	0.0	0.0	0.0	0.0	true	0.0	N/A in 2019	0.0	0.0	0.0	0.0	true / true	N/A for 2019	false	0.5	STOPPED	0.0	
7290	14	0.0	0.0	0.0	0.12	0.0	0.0	0.0	0.0	0.0	true	0.0	N/A in 2019	0.0	0.0	0.0	0.0	true / true	N/A for 2019	false	0.5	STOPPED	0.0	
7302	11	0.0	0.0	0.0	0.12	0.0	0.0	0.0	0.0	0.0	true	0.0	N/A in 2019	0.0	0.0	0.0	0.0	true / true	N/A for 2019	false	0.5	STOPPED	0.125	
7333	31	0.0	0.0	0.0	0.12	0.0	0.0	0.0	0.0	0.0	true	0.0	N/A in 2019	0.0	0.0	0.0	0.0	true / true	N/A for 2019	false	0.5	STOPPED	0.0	
7346	13	0.0	0.0	0.0	0.12	0.0	0.0	0.0	0.0	0.0	true	0.0	N/A in 2019	0.0	0.0	0.0	0.0	true / true	N/A for 2019	false	0.5	STOPPED	0.0	
7360	13	0.0	0.0	0.0	0.12	0.0	0.0	0.0	0.0	0.0	true	0.0	N/A in 2019	0.0	0.0	0.0	0.0	true / true	N/A for 2019	false	0.5	STOPPED	0.0	
7424	64	0.0	0.0	0.0	0.12	0.0	0.0	0.0	0.0	0.0	true	0.0	N/A in 2019	0.0	0.0	0.0	0.0	true / true	N/A for 2019	false	0.5	STOPPED	0.0	
7440	15	0.0	0.0	0.0	0.12	0.0	0.0	0.0	0.0	0.0	true	0.0	N/A in 2019	0.0	0.0	0.0	0.0	true / true	N/A for 2019	false	0.5	STOPPED	0.0	
7451	10	0.0	0.0	0.0	0.12	0.0	0.0	0.0	0.0	0.0	true	0.0	N/A in 2019	0.0	0.0	0.0	0.0	true / true	N/A for 2019	false	0.5	STOPPED	0.0	
7458	7	0.0	0.0	0.0	0.12	0.0	0.0	0.0	0.0	0.0	true	0.0	N/A in 2019	0.0	0.0	0.0	0.0	true / true	N/A for 2019	false	0.5	STOPPED	0.0	
7470	12	0.0	0.0	0.0	0.12	0.0	0.0	0.0	0.0	0.0	true	0.0	N/A in 2019	0.0	0.0	0.0	0.0	true / true	N/A for 2019	false	0.5	STOPPED	0.0	
7477	7	0.0	0.0	0.0	0.12	0.0	0.0	0.0	0.0	0.0	true	0.0	N/A in 2019	0.0	0.0	0.0	0.0	true / true	N/A for 2019	false	0.5	STOPPED	0.0	
7497	19	0.0	0.0	0.0	0.12	0.0	0.0	0.0	0.0	0.0	true	0.0	N/A in 2019	0.0	0.0	0.0	0.0	true / true	N/A for 2019	false	0.5	STOPPED	0.125	
7517	20	0.0	0.0	0.0	0.12	0.0	0.0	0.0	0.0	0.0	true	0.0	N/A in 2019	0.0	0.0	0.0	0.0	true / true	N/A for 2019	false	0.5	STOPPED	0.0	
7537	20	0.0	0.0	0.0	0.12	0.0	0.0	0.0	0.0	0.0	true	0.0	N/A in 2019	0.0	0.0	0.0	0.0	true / true	N/A for 2019	false	0.5	STOPPED	0.0	
7570	33	0.0	0.0	0.0	0.12	0.0	0.0	0.0	0.0	0.0	true	0.0	N/A in 2019	0.0	0.0	0.0	0.0	true / true	N/A for 2019	false	0.5	STOPPED	0.0	
7577	7	0.0	0.0	0.0	0.12	0.0	0.0	0.0	0.0	0.0	true	0.0	N/A in 2019	0.0	0.0	0.0	0.0	true / true	N/A for 2019	false	0.5	STOPPED	0.125	
7597	20	0.0	0.0	0.0	0.12	0.0	0.0	0.0	0.0	0.0	true	0.0	N/A in 2019	0.0	0.0	0.0	0.0	true / true	N/A for 2019	false	0.5	STOPPED	0.0	
7617	20	0.0	0.0	0.0	0.12	0.0	0.0	0.0	0.0	0.0	true	0.0	N/A in 2019	0.0	0.0	0.0	0.0	true / true	N/A for 2019	false	0.5	STOPPED	0.0	
7637	20	0.0	0.0	0.0	0.12	0.0	0.0	0.0	0.0	0.0	true	0.0	N/A in 2019	0.0	0.0	0.0	0.0	true / true	N/A for 2019	false	0.5	STOPPED	0.0	
7657	20	0.0	0.0	0.0	0.12	0.0	0.0	0.0	0.0	0.0	true	0.0	N/A in 2019	0.0	0.0	0.0	0.0	true / true	N/A for 2019	false	0.5	STOPPED	0.0	
7689	32	0.0	0.0	0.0	0.12	0.0	0.0	0.0	0.0	0.0	true	0.0	N/A in 2019	0.0	0.0	0.0	0.0	true / true	N/A for 2019	false	0.5	STOPPED	0.0	
7697	8	0.0	0.0	0.0	0.12	0.0	0.0	0.0	0.0	0.0	true	0.0	N/A in 2019	0.0	0.0	0.0	0.0	true / true	N/A for 2019	false	0.5	STOPPED	0.0	
7716	19	0.0	0.0	0.0	0.12	0.0	0.0	0.0	0.0	0.0	true	0.0	N/A in 2019	0.0	0.0	0.0	0.0	true / true	N/A for 2019	false	0.5	STOPPED	0.0	
7736	19	0.0	0.0	0.0	0.12	0.0	0.0	0.0	0.0	0.0	true	0.0	N/A in 2019	0.0	0.0	0.0	0.0	true / true	N/A for 2019	false	0.5	STOPPED	0.0	
7756	20	0.0	0.0	0.0	0.12	0.0	0.0	0.0	0.0	0.0	true	0.0	N/A in 2019	0.0	0.0	0.0	0.0	true / true	N/A for 2019	false	0.5	STOPPED	0.0	
7777	20	0.0	0.0	0.0	0.12	0.0	0.0	0.0	0.0	0.0	true	0.0	N/A in 2019	0.0	0.0	0.0	0.0	true / true	N/A for 2019	false	0.5	STOPPED	0.0	
7812	35	0.0	0.0	0.0	0.12	0.0	0.0	0.0	0.0	0.0	true	0.0	N/A in 2019	0.0	0.0	0.0	0.0	true / true	N/A for 2019	false	0.5	STOPPED	0.125	
7820	8	0.0	0.0	0.0	0.12	0.0	0.0	0.0	0.0	0.0	true	0.0	N/A in 2019	0.0	0.0	0.0	0.0	true / true	N/A for 2019	false	0.5	STOPPED	0.0	
7837	17	0.0	0.0	0.0	0.12	0.0	0.0	0.0	0.0	0.0	true	0.0	N/A in 2019	0.0	0.0	0.0	0.0	true / true	N/A for 2019	false	0.5	STOPPED	0.0	
7857	20	0.0	0.0	0.0	0.12	0.0	0.0	0.0	0.0	0.0	true	0.0	N/A in 2019	0.0	0.0	0.0	0.0	true / true	N/A for 2019	false	0.5	STOPPED	0.0	
7878	21	0.0	0.0	0.0	0.12	0.0	0.0	0.0	0.0	0.0	true	0.0	N/A in 2019	0.0	0.0	0.0	0.0	true / true	N/A for 2019	false	0.5	STOPPED	0.0	
7896	18	0.0	0.0	0.0	0.12	0.0	0.0	0.0	0.0	0.0	true	0.0	N/A in 2019	0.0	0.0	0.0	0.0	true / true	N/A for 2019	false	0.5	STOPPED	0.0	
7930	33	0.0	0.0	0.0	0.12	0.0	0.0	0.0	0.0	0.0	true	0.0	N/A in 2019	0.0	0.0	0.0	0.0	true / true	N/A for 2019	false	0.5	STOPPED	0.0	
7937	7	0.0	0.0	0.0	0.12	0.0	0.0	0.0	0.0	0.0	true	0.0	N/A in 2019	0.0	0.0	0.0	0.0	true / true	N/A for 2019	false	0.5	STOPPED	0.0	
7957	20	0.0	0.0	0.0	0.12	0.0	0.0	0.0	0.0	0.0	true	0.0	N/A in 2019	0.0	0.0	0.0	0.0	true / true	N/A for 2019	false	0.5	STOPPED	0.0	
7978	21	0.0	0.0	0.0	0.12	0.0	0.0	0.0	0.0	0.0	true	0.0	N/A in 2019	0.0	0.0	0.0	0.0	true / true	N/A for 2019	false	0.5	STOPPED	0.0	
7996	18	0.0	0.0	0.0	0.12	0.0	0.0	0.0	0.0	0.0	true	0.0	N/A in 2019	0.0	0.0	0.0	0.0	true / true	N/A for 2019	false	0.5	STOPPED	0.0	
8017	20	0.0	0.0	0.0	0.12	0.0	0.0	0.0	0.0	0.0	true	0.0	N/A in 2019	0.0	0.0	0.0	0.0	true / true	N/A for 2019	false	0.5	STOPPED	0.0	
8050	33	0.0	0.0	0.0	0.12	0.0	0.0	0.0	0.0	0.0	true	0.0	N/A in 2019	0.0	0.0	0.0	0.0	true / true	N/A for 2019	false	0.5	STOPPED	0.0	
8056	6	0.0	0.0	0.0	0.12	0.0	0.0	0.0	0.0	0.0	true	0.0	N/A in 2019	0.0	0.0	0.0	0.0	true / true	N/A for 2019	false	0.5	STOPPED	0.0	
8076	19	0.0	0.0	0.0	0.12	0.0	0.0	0.0	0.0	0.0	true	0.0	N/A in 2019	0.0	0.0	0.0	0.0	true / true	N/A for 2019	false	0.5	STOPPED	0.0	
8096	19	0.0	0.0	0.0	0.12	0.0	0.0	0.0	0.0	0.0	true	0.0	N/A in 2019	0.0	0.0	0.0	0.0	true / true	N/A for 2019	false	0.5	STOPPED	0.0	
8117	20	0.0	0.0	0.0	0.12	0.0	0.0	0.0	0.0	0.0	true	0.0	N/A in 2019	0.0	0.0	0.0	0.0	true / true	N/A for 2019	false	0.5	STOPPED	0.0	
8137	20	0.0	0.0	0.0	0.12	0.0	0.0	0.0	0.0	0.0	true	0.0	N/A in 2019	0.0	0.0	0.0	0.0	true / true	N/A for 2019	false	0.5	STOPPED	0.0	
8173	36	0.0	0.0	0.0	0.12	0.0	0.0	0.0	0.0	0.0	true	0.0	N/A in 2019	0.0	0.0	0.0	0.0	true / true	N/A for 2019	false	0.5	STOPPED	0.0	
8181	8	0.0	0.0	0.0	0.12	0.0	0.0	0.0	0.0	0.0	true	0.0	N/A in 2019	0.0	0.0	0.0	0.0	true / true	N/A for 2019	false	0.5	STOPPED	0.0	
8196	15	0.0	0.0	0.0	0.12	0.0	0.0	0.0	0.0	0.0	true	0.0	N/A in 2019	0.0	0.0	0.0	0.0	true / true	N/A for 2019	false	0.5	STOPPED	0.0	
8217	20	0.0	0.0	0.0	0.12	0.0	0.0	0.0	0.0	0.0	true	0.0	N/A in 2019	0.0	0.0	0.0	0.0	true / true	N/A for 2019	false	0.5	STOPPED	0.0	
8236	19	0.0	0.0	0.0	0.12	0.0	0.0	0.0	0.0	0.0	true	0.0	N/A in 2019	0.0	0.0	0.0	0.0	true / true	N/A for 2019	false	0.5	STOPPED	0.0	
8256	19	0.0	0.0	0.0	0.12	0.0	0.0	0.0	0.0	0.0	true	0.0	N/A in 2019	0.0	0.0	0.0	0.0	true / true	N/A for 2019	false	0.5	STOPPED	0.0	
8289	32	0.0	0.0	0.0	0.12	0.0	0.0	0.0	0.0	0.0	true	0.0	N/A in 2019	0.0	0.0	0.0	0.0	true / true	N/A for 2019	false	0.5	STOPPED	0.0	
8297	8	0.0	0.0	0.0	0.12	0.0	0.0	0.0	0.0	0.0	true	0.0	N/A in 2019	0.0	0.0	0.0	0.0	true / true	N/A for 2019	false	0.5	STOPPED	0.125	
8317	20	0.0	0.0	0.0	0.12	0.0	0.0	0.0	0.0	0.0	true	0.0	N/A in 2019	0.0	0.0	0.0	0.0	true / true	N/A for 2019	false	0.5	STOPPED	0.125	
8337	20	0.0	0.0	0.0	0.12	0.0	0.0	0.0	0.0	0.0	true	0.0	N/A in 2019	0.0	0.0	0.0	0.0	true / true	N/A for 2019	false	0.5	STOPPED	0.0	
8357	20	0.0	0.0	0.0	0.12	0.0	0.0	0.0	0.0	0.0	true	0.0	N/A in 2019	0.0	0.0	0.0	0.0	true / true	N/A for 2019	false	0.5	STOPPED	0.0	
8377	19	0.0	0.0	0.0	0.12	0.0	0.0	0.0	0.0	0.0	true	0.0	N/A in 2019	0.0	0.0	0.0	0.0	true / true	N/A for 2019	false	0.5	STOPPED	0.0	
8410	33	0.0	0.0	0.0	0.12	0.0	0.0	0.0	0.0	0.0	true	0.0	N/A in 2019	0.0	0.0	0.0	0.0	true / true	N/A for 2019	false	0.5	STOPPED	0.0	
8417	7	0.0	0.0	0.0	0.12	0.0	0.0	0.0	0.0	0.0	true	0.0	N/A in 2019	0.0	0.0	0.0	0.0	true / true	N/A for 2019	false	0.5	STOPPED	0.0	
8437	20	0.0	0.0	0.0	0.12	0.0	0.0	0.0	0.0	0.0	true	0.0	N/A in 2019	0.0	0.0	0.0	0.0	true / true	N/A for 2019	false	0.5	STOPPED	0.0	
8457	20	0.0	0.0	0.0	0.12	0.0	0.0	0.0	0.0	0.0	true	0.0	N/A in 2019	0.0	0.0	0.0	0.0	true / true	N/A for 2019	false	0.5	STOPPED	0.0	
8477	19	0.0	0.0	0.0	0.12	0.0	0.0	0.0	0.0	0.0	true	0.0	N/A in 2019	0.0	0.0	0.0	0.0	true / true	N/A for 2019	false	0.5	STOPPED	0.0	
8499	21	0.0	0.0	0.0	0.12	0.0	0.0	0.0	0.0	0.0	true	0.0	N/A in 2019	0.0	0.0	0.0	0.0	true / true	N/A for 2019	false	0.5	STOPPED	0.0	
8529	30	0.0	0.0	0.0	0.12	0.0	0.0	0.0	0.0	0.0	true	0.0	N/A in 2019	0.0	0.0	0.0	0.0	true / true	N/A for 2019	false	0.5	STOPPED	0.0	
8538	9	0.0	0.0	0.0	0.12	0.0	0.0	0.0	0.0	0.0	true	0.0	N/A in 2019	0.0	0.0	0.0	0.0	true / true	N/A for 2019	false	0.5	STOPPED	0.0	
8557	19	0.0	0.0	0.0	0.12	0.0	0.0	0.0	0.0	0.0	true	0.0	N/A in 2019	0.0	0.0	0.0	0.0	true / true	N/A for 2019	false	0.5	STOPPED	0.0	
8578	20	0.0	0.0	0.0	0.12	0.0	0.0	0.0	0.0	0.0	true	0.0	N/A in 2019	0.0	0.0	0.0	0.0	true / true	N/A for 2019	false	0.5	STOPPED	0.0	
8596	18	0.0	0.0	0.0	0.12	0.0	0.0	0.0	0.0	0.0	true	0.0	N/A in 2019	0.0	0.0	0.0	0.0	true / true	N/A for 2019	false	0.5	STOPPED	0.0	
8617	20	0.0	0.0	0.0	0.12	0.0	0.0	0.0	0.0	0.0	true	0.0	N/A in 2019	0.0	0.0	0.0	0.0	true / true	N/A for 2019	false	0.5	STOPPED	0.0	
8651	34	0.0	0.0	0.0	0.12	0.0	0.0	0.0	0.0	0.0	true	0.0	N/A in 2019	0.0	0.0	0.0	0.0	true / true	N/A for 2019	false	0.5	STOPPED	0.0	
8657	6	0.0	0.0	0.0	0.12	0.0	0.0	0.0	0.0	0.0	true	0.0	N/A in 2019	0.0	0.0	0.0	0.0	true / true	N/A for 2019	false	0.5	STOPPED	0.0	
8678	21	0.0	0.0	0.0	0.12	0.0	0.0	0.0	0.0	0.0	true	0.0	N/A in 2019	0.0	0.0	0.0	0.0	true / true	N/A for 2019	false	0.5	STOPPED	0.0	
8697	19	0.0	0.0	0.0	0.12	0.0	0.0	0.0	0.0	0.0	true	0.0	N/A in 2019	0.0	0.0	0.0	0.0	true / true	N/A for 2019	false	0.5	STOPPED	0.0	
8717	20	0.0	0.0	0.0	0.12	0.0	0.0	0.0	0.0	0.0	true	0.0	N/A in 2019	0.0	0.0	0.0	0.0	true / true	N/A for 2019	false	0.5	STOPPED	0.0	
8736	19	0.0	0.0	0.0	0.12	0.0	0.0	0.0	0.0	0.0	true	0.0	N/A in 2019	0.0	0.0	0.0	0.0	true / true	N/A for 2019	false	0.5	STOPPED	0.0	
8770	33	0.0	0.0	0.0	0.12	0.0	0.0	0.0	0.0	0.0	true	0.0	N/A in 2019	0.0	0.0	0.0	0.0	true / true	N/A for 2019	false	0.5	STOPPED	0.0	
8777	7	0.0	0.0	0.0	0.12	0.0	0.0	0.0	0.0	0.0	true	0.0	N/A in 2019	0.0	0.0	0.0	0.0	true / true	N/A for 2019	false	0.5	STOPPED	0.0	
8800	23	0.0	0.0	0.0	0.12	0.0	0.0	0.0	0.0	0.0	true	0.0	N/A in 2019	0.0	0.0	0.0	0.0	true / true	N/A for 2019	false	0.5	STOPPED	0.0	
8816	16	0.0	0.0	0.0	0.12	0.0	0.0	0.0	0.0	0.0	true	0.0	N/A in 2019	0.0	0.0	0.0	0.0	true / true	N/A for 2019	false	0.5	STOPPED	0.0	
8837	20	0.0	0.0	0.0	0.12	0.0	0.0	0.0	0.0	0.0	true	0.0	N/A in 2019	0.0	0.0	0.0	0.0	true / true	N/A for 2019	false	0.5	STOPPED	0.0	
8858	21	0.0	0.0	0.0	0.12	0.0	0.0	0.0	0.0	0.0	true	0.0	N/A in 2019	0.0	0.0	0.0	0.0	true / true	N/A for 2019	false	0.5	STOPPED	0.0	
8890	32	0.0	0.0	0.0	0.12	0.0	0.0	0.0	0.0	0.0	true	0.0	N/A in 2019	0.0	0.0	0.0	0.0	true / true	N/A for 2019	false	0.5	STOPPED	0.0	
8897	7	0.0	0.0	0.0	0.12	0.0	0.0	0.0	0.0	0.0	true	0.0	N/A in 2019	0.0	0.0	0.0	0.0	true / true	N/A for 2019	false	0.5	STOPPED	0.0	
8916	18	0.0	0.0	0.0	0.12	0.0	0.0	0.0	0.0	0.0	true	0.0	N/A in 2019	0.0	0.0	0.0	0.0	true / true	N/A for 2019	false	0.5	STOPPED	0.0	
8936	19	0.0	0.0	0.0	0.12	0.0	0.0	0.0	0.0	0.0	true	0.0	N/A in 2019	0.0	0.0	0.0	0.0	true / true	N/A for 2019	false	0.5	STOPPED	0.0	
8957	20	0.0	0.0	0.0	0.12	0.0	0.0	0.0	0.0	0.0	true	0.0	N/A in 2019	0.0	0.0	0.0	0.0	true / true	N/A for 2019	false	0.5	STOPPED	0.0	
8977	20	0.0	0.0	0.0	0.12	0.0	0.0	0.0	0.0	0.0	true	0.0	N/A in 2019	0.0	0.0	0.0	0.0	true / true	N/A for 2019	false	0.5	STOPPED	0.0	
9010	33	0.0	0.0	0.0	0.12	0.0	0.0	0.0	0.0	0.0	true	0.0	N/A in 2019	0.0	0.0	0.0	0.0	true / true	N/A for 2019	false	0.5	STOPPED	0.0	
9017	7	0.0	0.0	0.0	0.12	0.0	0.0	0.0	0.0	0.0	true	0.0	N/A in 2019	0.0	0.0	0.0	0.0	true / true	N/A for 2019	false	0.5	STOPPED	0.125	
9037	20	0.0	0.0	0.0	0.12	0.0	0.0	0.0	0.0	0.0	true	0.0	N/A in 2019	0.0	0.0	0.0	0.0	true / true	N/A for 2019	false	0.5	STOPPED	0.125	
9057	19	0.0	0.0	0.0	0.12	0.0	0.0	0.0	0.0	0.0	true	0.0	N/A in 2019	0.0	0.0	0.0	0.0	true / true	N/A for 2019	false	0.5	STOPPED	0.0	
9077	20	0.0	0.0	0.0	0.12	0.0	0.0	0.0	0.0	0.0	true	0.0	N/A in 2019	0.0	0.0	0.0	0.0	true / true	N/A for 2019	false	0.5	STOPPED	0.0	
9096	18	0.0	0.0	0.0	0.12	0.0	0.0	0.0	0.0	0.0	true	0.0	N/A in 2019	0.0	0.0	0.0	0.0	true / true	N/A for 2019	false	0.5	STOPPED	0.0	
9130	33	0.0	0.0	0.0	0.12	0.0	0.0	0.0	0.0	0.0	true	0.0	N/A in 2019	0.0	0.0	0.0	0.0	true / true	N/A for 2019	false	0.5	STOPPED	0.0	
9139	8	0.0	0.0	0.0	0.12	0.0	0.0	0.0	0.0	0.0	true	0.0	N/A in 2019	0.0	0.0	0.0	0.0	true / true	N/A for 2019	false	0.5	STOPPED	0.0	
9158	19	0.0	0.0	0.0	0.12	0.0	0.0	0.0	0.0	0.0	true	0.0	N/A in 2019	0.0	0.0	0.0	0.0	true / true	N/A for 2019	false	0.5	STOPPED	0.0	
9178	20	0.0	0.0	0.0	0.12	0.0	0.0	0.0	0.0	0.0	true	0.0	N/A in 2019	0.0	0.0	0.0	0.0	true / true	N/A for 2019	false	0.5	STOPPED	0.0	
9198	20	0.0	0.0	0.0	0.12	0.0	0.0	0.0	0.0	0.0	true	0.0	N/A in 2019	0.0	0.0	0.0	0.0	true / true	N/A for 2019	false	0.5	STOPPED	0.0	
9217	19	0.0	0.0	0.0	0.12	0.0	0.0	0.0	0.0	0.0	true	0.0	N/A in 2019	0.0	0.0	0.0	0.0	true / true	N/A for 2019	false	0.5	STOPPED	0.0	
9252	34	0.0	0.0	0.0	0.12	0.0	0.0	0.0	0.0	0.0	true	0.0	N/A in 2019	0.0	0.0	0.0	0.0	true / true	N/A for 2019	false	0.5	STOPPED	0.0	
9258	6	0.0	0.0	0.0	0.12	0.0	0.0	0.0	0.0	0.0	true	0.0	N/A in 2019	0.0	0.0	0.0	0.0	true / true	N/A for 2019	false	0.5	STOPPED	0.0	
9276	18	0.0	0.0	0.0	0.12	0.0	0.0	0.0	0.0	0.0	true	0.0	N/A in 2019	0.0	0.0	0.0	0.0	true / true	N/A for 2019	false	0.5	STOPPED	0.0	
9297	20	0.0	0.0	0.0	0.12	0.0	0.0	0.0	0.0	0.0	true	0.0	N/A in 2019	0.0	0.0	0.0	0.0	true / true	N/A for 2019	false	0.5	STOPPED	0.0	
9316	19	0.0	0.0	0.0	0.12	0.0	0.0	0.0	0.0	0.0	true	0.0	N/A in 2019	0.0	0.0	0.0	0.0	true / true	N/A for 2019	false	0.5	STOPPED	0.0	
9336	19	0.0	0.0	0.0	0.12	0.0	0.0	0.0	0.0	0.0	true	0.0	N/A in 2019	0.0	0.0	0.0	0.0	true / true	N/A for 2019	false	0.5	STOPPED	0.0	
9370	33	0.0	0.0	0.0	0.12	0.0	0.0	0.0	0.0	0.0	true	0.0	N/A in 2019	0.0	0.0	0.0	0.0	true / true	N/A for 2019	false	0.5	STOPPED	0.0	
9377	7	0.0	0.0	0.0	0.12	0.0	0.0	0.0	0.0	0.0	true	0.0	N/A in 2019	0.0	0.0	0.0	0.0	true / true	N/A for 2019	false	0.5	STOPPED	0.0	
9396	19	0.0	0.0	0.0	0.12	0.0	0.0	0.0	0.0	0.0	true	0.0	N/A in 2019	0.0	0.0	0.0	0.0	true / true	N/A for 2019	false	0.5	STOPPED	0.0	
9417	20	0.0	0.0	0.0	0.12	0.0	0.0	0.0	0.0	0.0	true	0.0	N/A in 2019	0.0	0.0	0.0	0.0	true / true	N/A for 2019	false	0.5	STOPPED	0.0	
9438	20	0.0	0.0	0.0	0.12	0.0	0.0	0.0	0.0	0.0	true	0.0	N/A in 2019	0.0	0.0	0.0	0.0	true / true	N/A for 2019	false	0.5	STOPPED	0.0	
9457	19	0.0	0.0	0.0	0.12	0.0	0.0	0.0	0.0	0.0	true	0.0	N/A in 2019	0.0	0.0	0.0	0.0	true / true	N/A for 2019	false	0.5	STOPPED	0.0	
9491	34	0.0	0.0	0.0	0.12	0.0	0.0	0.0	0.0	0.0	true	0.0	N/A in 2019	0.0	0.0	0.0	0.0	true / true	N/A for 2019	false	0.5	STOPPED	0.0	
9497	6	0.0	0.0	0.0	0.12	0.0	0.0	0.0	0.0	0.0	true	0.0	N/A in 2019	0.0	0.0	0.0	0.0	true / true	N/A for 2019	false	0.5	STOPPED	0.0	
9517	15	0.0	0.0	0.0	0.12	0.0	0.0	0.0	0.0	0.0	true	0.0	N/A in 2019	0.0	0.0	0.0	0.0	true / true	N/A for 2019	false	0.5	STOPPED	0.0	
9538	21	0.0	0.0	0.0	0.12	0.0	0.0	0.0	0.0	0.0	true	0.0	N/A in 2019	0.0	0.0	0.0	0.0	true / true	N/A for 2019	false	0.5	STOPPED	0.125	
9557	19	0.0	0.0	0.0	0.12	0.0	0.0	0.0	0.0	0.0	true	0.0	N/A in 2019	0.0	0.0	0.0	0.0	true / true	N/A for 2019	false	0.5	STOPPED	0.0	
9577	20	0.0	0.0	0.0	0.12	0.0	0.0	0.0	0.0	0.0	true	0.0	N/A in 2019	0.0	0.0	0.0	0.0	true / true	N/A for 2019	false	0.5	STOPPED	0.0	
9603	26	0.0	0.0	0.0	0.12	0.0	0.0	0.0	0.0	0.0	true	0.0	N/A in 2019	0.0	0.0	0.0	0.0	true / true	N/A for 2019	false	0.5	STOPPED	0.0	
9617	14	0.0	0.0	0.0	0.12	0.0	0.0	0.0	0.0	0.0	true	0.0	N/A in 2019	0.0	0.0	0.0	0.0	true / true	N/A for 2019	false	0.5	STOPPED	0.0	
9636	19	0.0	0.0	0.0	0.12	0.0	0.0	0.0	0.0	0.0	true	0.0	N/A in 2019	0.0	0.0	0.0	0.0	true / true	N/A for 2019	false	0.5	STOPPED	0.0	
9657	20	0.0	0.0	0.0	0.12	0.0	0.0	0.0	0.0	0.0	true	0.0	N/A in 2019	0.0	0.0	0.0	0.0	true / true	N/A for 2019	false	0.5	STOPPED	0.0	
9677	19	0.0	0.0	0.0	0.12	0.0	0.0	0.0	0.0	0.0	true	0.0	N/A in 2019	0.0	0.0	0.0	0.0	true / true	N/A for 2019	false	0.5	STOPPED	0.0	
9696	19	0.0	0.0	0.0	0.12	0.0	0.0	0.0	0.0	0.0	true	0.0	N/A in 2019	0.0	0.0	0.0	0.0	true / true	N/A for 2019	false	0.5	STOPPED	0.0	
9730	33	0.0	0.0	0.0	0.12	0.0	0.0	0.0	0.0	0.0	true	0.0	N/A in 2019	0.0	0.0	0.0	0.0	true / true	N/A for 2019	false	0.5	STOPPED	0.0	
9737	6	0.0	0.0	0.0	0.12	0.0	0.0	0.0	0.0	0.0	true	0.0	N/A in 2019	0.0	0.0	0.0	0.0	true / true	N/A for 2019	false	0.5	STOPPED	0.0	
9756	19	0.0	0.0	0.0	0.12	0.0	0.0	0.0	0.0	0.0	true	0.0	N/A in 2019	0.0	0.0	0.0	0.0	true / true	N/A for 2019	false	0.5	STOPPED	0.0	
9777	20	0.0	0.0	0.0	0.12	0.0	0.0	0.0	0.0	0.0	true	0.0	N/A in 2019	0.0	0.0	0.0	0.0	true / true	N/A for 2019	false	0.5	STOPPED	0.0	
9796	18	0.0	0.0	0.0	0.12	0.0	0.0	0.0	0.0	0.0	true	0.0	N/A in 2019	0.0	0.0	0.0	0.0	true / true	N/A for 2019	false	0.5	STOPPED	0.0	
9816	19	0.0	0.0	0.0	0.12	0.0	0.0	0.0	0.0	0.0	true	0.0	N/A in 2019	0.0	0.0	0.0	0.0	true / true	N/A for 2019	false	0.5	STOPPED	0.0	
9850	33	0.0	0.0	0.0	0.12	0.0	0.0	0.0	0.0	0.0	true	0.0	N/A in 2019	0.0	0.0	0.0	0.0	true / true	N/A for 2019	false	0.5	STOPPED	0.0	
9857	7	0.0	0.0	0.0	0.12	0.0	0.0	0.0	0.0	0.0	true	0.0	N/A in 2019	0.0	0.0	0.0	0.0	true / true	N/A for 2019	false	0.5	STOPPED	0.125	
9877	20	0.0	0.0	0.0	0.12	0.0	0.0	0.0	0.0	0.0	true	0.0	N/A in 2019	0.0	0.0	0.0	0.0	true / true	N/A for 2019	false	0.5	STOPPED	0.0	
9897	20	0.0	0.0	0.0	0.12	0.0	0.0	0.0	0.0	0.0	true	0.0	N/A in 2019	0.0	0.0	0.0	0.0	true / true	N/A for 2019	false	0.5	STOPPED	0.0	
9917	20	0.0	0.0	0.0	0.12	0.0	0.0	0.0	0.0	0.0	true	0.0	N/A in 2019	0.0	0.0	0.0	0.0	true / true	N/A for 2019	false	0.5	STOPPED	0.0	
9937	20	0.0	0.0	0.0	0.12	0.0	0.0	0.0	0.0	0.0	true	0.0	N/A in 2019	0.0	0.0	0.0	0.0	true / true	N/A for 2019	false	0.5	STOPPED	0.0	
9970	32	0.0	0.0	0.0	0.12	0.0	0.0	0.0	0.0	0.0	true	0.0	N/A in 2019	0.0	0.0	0.0	0.0	true / true	N/A for 2019	false	0.5	STOPPED	0.0	
9976	6	0.0	0.0	0.0	0.12	0.0	0.0	0.0	0.0	0.0	true	0.0	N/A in 2019	0.0	0.0	0.0	0.0	true / true	N/A for 2019	false	0.5	STOPPED	0.0	
9997	20	0.0	0.0	0.0	0.12	0.0	0.0	0.0	0.0	0.0	true	0.0	N/A in 2019	0.0	0.0	0.0	0.0	true / true	N/A for 2019	false	0.5	STOPPED	0.0	
10017	20	0.0	0.0	0.0	0.12	0.0	0.0	0.0	0.0	0.0	true	0.0	N/A in 2019	0.0	0.0	0.0	0.0	true / true	N/A for 2019	false	0.5	STOPPED	0.0	
10040	22	0.0	0.0	0.0	0.12	0.0	0.0	0.0	0.0	0.0	true	0.0	N/A in 2019	0.0	0.0	0.0	0.0	true / true	N/A for 2019	false	0.5	STOPPED	0.125	
10057	17	0.0	0.0	0.0	0.12	0.0	0.0	0.0	0.0	0.0	true	0.0	N/A in 2019	0.0	0.0	0.0	0.0	true / true	N/A for 2019	false	0.5	STOPPED	0.0	
10090	32	0.0	0.0	0.0	0.12	0.0	0.0	0.0	0.0	0.0	true	0.0	N/A in 2019	0.0	0.0	0.0	0.0	true / true	N/A for 2019	false	0.5	STOPPED	0.0	
10097	7	0.0	0.0	0.0	0.12	0.0	0.0	0.0	0.0	0.0	true	0.0	N/A in 2019	0.0	0.0	0.0	0.0	true / true	N/A for 2019	false	0.5	STOPPED	0.0	
10118	21	0.0	0.0	0.0	0.12	0.0	0.0	0.0	0.0	0.0	true	0.0	N/A in 2019	0.0	0.0	0.0	0.0	true / true	N/A for 2019	false	0.5	STOPPED	0.0	
10137	19	0.0	0.0	0.0	0.12	0.0	0.0	0.0	0.0	0.0	true	0.0	N/A in 2019	0.0	0.0	0.0	0.0	true / true	N/A for 2019	false	0.5	STOPPED	0.0	
10156	18	0.0	0.0	0.0	0.12	0.0	0.0	0.0	0.0	0.0	true	0.0	N/A in 2019	0.0	0.0	0.0	0.0	true / true	N/A for 2019	false	0.5	STOPPED	0.125	
10177	20	0.0	0.0	0.0	0.12	0.0	0.0	0.0	0.0	0.0	true	0.0	N/A in 2019	0.0	0.0	0.0	0.0	true / true	N/A for 2019	false	0.5	STOPPED	0.0	
10210	33	0.0	0.0	0.0	0.12	0.0	0.0	0.0	0.0	0.0	true	0.0	N/A in 2019	0.0	0.0	0.0	0.0	true / true	N/A for 2019	false	0.5	STOPPED	0.0	
10218	7	0.0	0.0	0.0	0.12	0.0	0.0	0.0	0.0	0.0	true	0.0	N/A in 2019	0.0	0.0	0.0	0.0	true / true	N/A for 2019	false	0.5	STOPPED	0.0	
10237	18	0.0	0.0	0.0	0.12	0.0	0.0	0.0	0.0	0.0	true	0.0	N/A in 2019	0.0	0.0	0.0	0.0	true / true	N/A for 2019	false	0.5	STOPPED	0.0	
10257	20	0.0	0.0	0.0	0.12	0.0	0.0	0.0	0.0	0.0	true	0.0	N/A in 2019	0.0	0.0	0.0	0.0	true / true	N/A for 2019	false	0.5	STOPPED	0.125	
10276	19	0.0	0.0	0.0	0.12	0.0	0.0	0.0	0.0	0.0	true	0.0	N/A in 2019	0.0	0.0	0.0	0.0	true / true	N/A for 2019	false	0.5	STOPPED	0.0	
10297	20	0.0	0.0	0.0	0.12	0.0	0.0	0.0	0.0	0.0	true	0.0	N/A in 2019	0.0	0.0	0.0	0.0	true / true	N/A for 2019	false	0.5	STOPPED	0.0	
10332	35	0.0	0.0	0.0	0.12	0.0	0.0	0.0	0.0	0.0	true	0.0	N/A in 2019	0.0	0.0	0.0	0.0	true / true	N/A for 2019	false	0.5	STOPPED	0.0	
10338	5	0.0	0.0	0.0	0.12	0.0	0.0	0.0	0.0	0.0	true	0.0	N/A in 2019	0.0	0.0	0.0	0.0	true / true	N/A for 2019	false	0.5	STOPPED	0.0	
10356	18	0.0	0.0	0.0	0.12	0.0	0.0	0.0	0.0	0.0	true	0.0	N/A in 2019	0.0	0.0	0.0	0.0	true / true	N/A for 2019	false	0.5	STOPPED	0.0	
10376	19	0.0	0.0	0.0	0.12	0.0	0.0	0.0	0.0	0.0	true	0.0	N/A in 2019	0.0	0.0	0.0	0.0	true / true	N/A for 2019	false	0.5	STOPPED	0.0	
10397	20	0.0	0.0	0.0	0.12	0.0	0.0	0.0	0.0	0.0	true	0.0	N/A in 2019	0.0	0.0	0.0	0.0	true / true	N/A for 2019	false	0.5	STOPPED	0.0	
10416	19	0.0	0.0	0.0	0.12	0.0	0.0	0.0	0.0	0.0	true	0.0	N/A in 2019	0.0	0.0	0.0	0.0	true / true	N/A for 2019	false	0.5	STOPPED	0.0	
10449	32	0.0	0.0	0.0	0.12	0.0	0.0	0.0	0.0	0.0	true	0.0	N/A in 2019	0.0	0.0	0.0	0.0	true / true	N/A for 2019	false	0.5	STOPPED	0.0	
10457	7	0.0	0.0	0.0	0.12	0.0	0.0	0.0	0.0	0.0	true	0.0	N/A in 2019	0.0	0.0	0.0	0.0	true / true	N/A for 2019	false	0.5	STOPPED	0.125	
10477	19	0.0	0.0	0.0	0.12	0.0	0.0	0.0	0.0	0.0	true	0.0	N/A in 2019	0.0	0.0	0.0	0.0	true / true	N/A for 2019	false	0.5	STOPPED	0.0	
10497	20	0.0	0.0	0.0	0.12	0.0	0.0	0.0	0.0	0.0	true	0.0	N/A in 2019	0.0	0.0	0.0	0.0	true / true	N/A for 2019	false	0.5	STOPPED	0.0	
10517	20	0.0	0.0	0.0	0.12	0.0	0.0	0.0	0.0	0.0	true	0.0	N/A in 2019	0.0	0.0	0.0	0.0	true / true	N/A for 2019	false	0.5	STOPPED	0.0	
10537	20	0.0	0.0	0.0	0.12	0.0	0.0	0.0	0.0	0.0	true	0.0	N/A in 2019	0.0	0.0	0.0	0.0	true / true	N/A for 2019	false	0.5	STOPPED	0.0	
10566	29	0.0	0.0	0.0	0.12	0.0	0.0	0.0	0.0	0.0	true	0.0	N/A in 2019	0.0	0.0	0.0	0.0	true / true	N/A for 2019	false	0.5	STOPPED	0.0	
10577	11	0.0	0.0	0.0	0.12	0.0	0.0	0.0	0.0	0.0	true	0.0	N/A in 2019	0.0	0.0	0.0	0.0	true / true	N/A for 2019	false	0.5	STOPPED	0.125	
10597	20	0.0	0.0	0.0	0.12	0.0	0.0	0.0	0.0	0.0	true	0.0	N/A in 2019	0.0	0.0	0.0	0.0	true / true	N/A for 2019	false	0.5	STOPPED	0.0	
10616	19	0.0	0.0	0.0	0.12	0.0	0.0	0.0	0.0	0.0	true	0.0	N/A in 2019	0.0	0.0	0.0	0.0	true / true	N/A for 2019	false	0.5	STOPPED	0.0	
10637	20	0.0	0.0	0.0	0.12	0.0	0.0	0.0	0.0	0.0	true	0.0	N/A in 2019	0.0	0.0	0.0	0.0	true / true	N/A for 2019	false	0.5	STOPPED	0.0	
10658	21	0.0	0.0	0.0	0.12	0.0	0.0	0.0	0.0	0.0	true	0.0	N/A in 2019	0.0	0.0	0.0	0.0	true / true	N/A for 2019	false	0.5	STOPPED	0.125	
10691	33	0.0	0.0	0.0	0.12	0.0	0.0	0.0	0.0	0.0	true	0.0	N/A in 2019	0.0	0.0	0.0	0.0	true / true	N/A for 2019	false	0.5	STOPPED	0.0	
10697	6	0.0	0.0	0.0	0.12	0.0	0.0	0.0	0.0	0.0	true	0.0	N/A in 2019	0.0	0.0	0.0	0.0	true / true	N/A for 2019	false	0.5	STOPPED	0.0	
10717	20	0.0	0.0	0.0	0.12	0.0	0.0	0.0	0.0	0.0	true	0.0	N/A in 2019	0.0	0.0	0.0	0.0	true / true	N/A for 2019	false	0.5	STOPPED	0.0	
10738	21	0.0	0.0	0.0	0.12	0.0	0.0	0.0	0.0	0.0	true	0.0	N/A in 2019	0.0	0.0	0.0	0.0	true / true	N/A for 2019	false	0.5	STOPPED	0.0	
10756	18	0.0	0.0	0.0	0.12	0.0	0.0	0.0	0.0	0.0	true	0.0	N/A in 2019	0.0	0.0	0.0	0.0	true / true	N/A for 2019	false	0.5	STOPPED	0.0	
10777	20	0.0	0.0	0.0	0.12	0.0	0.0	0.0	0.0	0.0	true	0.0	N/A in 2019	0.0	0.0	0.0	0.0	true / true	N/A for 2019	false	0.5	STOPPED	0.0	
10812	35	0.0	0.0	0.0	0.12	0.0	0.0	0.0	0.0	0.0	true	0.0	N/A in 2019	0.0	0.0	0.0	0.0	true / true	N/A for 2019	false	0.5	STOPPED	0.0	
10817	5	0.0	0.0	0.0	0.12	0.0	0.0	0.0	0.0	0.0	true	0.0	N/A in 2019	0.0	0.0	0.0	0.0	true / true	N/A for 2019	false	0.5	STOPPED	0.0	
10837	20	0.0	0.0	0.0	0.12	0.0	0.0	0.0	0.0	0.0	true	0.0	N/A in 2019	0.0	0.0	0.0	0.0	true / true	N/A for 2019	false	0.5	STOPPED	0.0	
10858	21	0.0	0.0	0.0	0.12	0.0	0.0	0.0	0.0	0.0	true	0.0	N/A in 2019	0.0	0.0	0.0	0.0	true / true	N/A for 2019	false	0.5	STOPPED	0.125	
10877	19	0.0	0.0	0.0	0.12	0.0	0.0	0.0	0.0	0.0	true	0.0	N/A in 2019	0.0	0.0	0.0	0.0	true / true	N/A for 2019	false	0.5	STOPPED	0.0	
10896	19	0.0	0.0	0.0	0.12	0.0	0.0	0.0	0.0	0.0	true	0.0	N/A in 2019	0.0	0.0	0.0	0.0	true / true	N/A for 2019	false	0.5	STOPPED	0.0	
10931	34	0.0	0.0	0.0	0.12	0.0	0.0	0.0	0.0	0.0	true	0.0	N/A in 2019	0.0	0.0	0.0	0.0	true / true	N/A for 2019	false	0.5	STOPPED	0.0	
10937	6	0.0	0.0	0.0	0.12	0.0	0.0	0.0	0.0	0.0	true	0.0	N/A in 2019	0.0	0.0	0.0	0.0	true / true	N/A for 2019	false	0.5	STOPPED	0.0	
10958	21	0.0	0.0	0.0	0.12	0.0	0.0	0.0	0.0	0.0	true	0.0	N/A in 2019	0.0	0.0	0.0	0.0	true / true	N/A for 2019	false	0.5	STOPPED	0.125	
10978	20	0.0	0.0	0.0	0.12	0.0	0.0	0.0	0.0	0.0	true	0.0	N/A in 2019	0.0	0.0	0.0	0.0	true / true	N/A for 2019	false	0.5	STOPPED	0.125	
10997	19	0.0	0.0	0.0	0.12	0.0	0.0	0.0	0.0	0.0	true	0.0	N/A in 2019	0.0	0.0	0.0	0.0	true / true	N/A for 2019	false	0.5	STOPPED	0.0	
11017	20	0.0	0.0	0.0	0.12	0.0	0.0	0.0	0.0	0.0	true	0.0	N/A in 2019	0.0	0.0	0.0	0.0	true / true	N/A for 2019	false	0.5	STOPPED	0.0	
11050	33	0.0	0.0	0.0	0.12	0.0	0.0	0.0	0.0	0.0	true	0.0	N/A in 2019	0.0	0.0	0.0	0.0	true / true	N/A for 2019	false	0.5	STOPPED	0.0	
11057	6	0.0	0.0	0.0	0.12	0.0	0.0	0.0	0.0	0.0	true	0.0	N/A in 2019	0.0	0.0	0.0	0.0	true / true	N/A for 2019	false	0.5	STOPPED	0.125	
11077	19	0.0	0.0	0.0	0.12	0.0	0.0	0.0	0.0	0.0	true	0.0	N/A in 2019	0.0	0.0	0.0	0.0	true / true	N/A for 2019	false	0.5	STOPPED	0.125	
11098	21	0.0	0.0	0.0	0.12	0.0	0.0	0.0	0.0	0.0	true	0.0	N/A in 2019	0.0	0.0	0.0	0.0	true / true	N/A for 2019	false	0.5	STOPPED	0.0	
11118	20	0.0	0.0	0.0	0.12	0.0	0.0	0.0	0.0	0.0	true	0.0	N/A in 2019	0.0	0.0	0.0	0.0	true / true	N/A for 2019	false	0.5	STOPPED	0.0	
11137	19	0.0	0.0	0.0	0.12	0.0	0.0	0.0	0.0	0.0	true	0.0	N/A in 2019	0.0	0.0	0.0	0.0	true / true	N/A for 2019	false	0.5	STOPPED	0.0	
11168	31	0.0	0.0	0.0	0.12	0.0	0.0	0.0	0.0	0.0	true	0.0	N/A in 2019	0.0	0.0	0.0	0.0	true / true	N/A for 2019	false	0.5	STOPPED	0.0	
11177	8	0.0	0.0	0.0	0.12	0.0	0.0	0.0	0.0	0.0	true	0.0	N/A in 2019	0.0	0.0	0.0	0.0	true / true	N/A for 2019	false	0.5	STOPPED	0.0	
11197	20	0.0	0.0	0.0	0.12	0.0	0.0	0.0	0.0	0.0	true	0.0	N/A in 2019	0.0	0.0	0.0	0.0	true / true	N/A for 2019	false	0.5	STOPPED	0.0	
11217	20	0.0	0.0	0.0	0.12	0.0	0.0	0.0	0.0	0.0	true	0.0	N/A in 2019	0.0	0.0	0.0	0.0	true / true	N/A for 2019	false	0.5	STOPPED	0.0	
11237	20	0.0	0.0	0.0	0.12	0.0	0.0	0.0	0.0	0.0	true	0.0	N/A in 2019	0.0	0.0	0.0	0.0	true / true	N/A for 2019	false	0.5	STOPPED	0.0	
11257	20	0.0	0.0	0.0	0.12	0.0	0.0	0.0	0.0	0.0	true	0.0	N/A in 2019	0.0	0.0	0.0	0.0	true / true	N/A for 2019	false	0.5	STOPPED	0.0	
11290	32	0.0	0.0	0.0	0.12	0.0	0.0	0.0	0.0	0.0	true	0.0	N/A in 2019	0.0	0.0	0.0	0.0	true / true	N/A for 2019	false	0.5	STOPPED	0.125	
11297	7	0.0	0.0	0.0	0.12	0.0	0.0	0.0	0.0	0.0	true	0.0	N/A in 2019	0.0	0.0	0.0	0.0	true / true	N/A for 2019	false	0.5	STOPPED	0.0	
11319	22	0.0	0.0	0.0	0.12	0.0	0.0	0.0	0.0	0.0	true	0.0	N/A in 2019	0.0	0.0	0.0	0.0	true / true	N/A for 2019	false	0.5	STOPPED	0.0	
11337	18	0.0	0.0	0.0	0.12	0.0	0.0	0.0	0.0	0.0	true	0.0	N/A in 2019	0.0	0.0	0.0	0.0	true / true	N/A for 2019	false	0.5	STOPPED	0.0	
11356	19	0.0	0.0	0.0	0.12	0.0	0.0	0.0	0.0	0.0	true	0.0	N/A in 2019	0.0	0.0	0.0	0.0	true / true	N/A for 2019	false	0.5	STOPPED	0.0	
11377	20	0.0	0.0	0.0	0.12	0.0	0.0	0.0	0.0	0.0	true	0.0	N/A in 2019	0.0	0.0	0.0	0.0	true / true	N/A for 2019	false	0.5	STOPPED	0.0	
11411	34	0.0	0.0	0.0	0.12	0.0	0.0	0.0	0.0	0.0	true	0.0	N/A in 2019	0.0	0.0	0.0	0.0	true / true	N/A for 2019	false	0.5	STOPPED	0.0	
11416	5	0.0	0.0	0.0	0.12	0.0	0.0	0.0	0.0	0.0	true	0.0	N/A in 2019	0.0	0.0	0.0	0.0	true / true	N/A for 2019	false	0.5	STOPPED	0.0	
11437	20	0.0	0.0	0.0	0.12	0.0	0.0	0.0	0.0	0.0	true	0.0	N/A in 2019	0.0	0.0	0.0	0.0	true / true	N/A for 2019	false	0.5	STOPPED	0.0	
11457	20	0.0	0.0	0.0	0.12	0.0	0.0	0.0	0.0	0.0	true	0.0	N/A in 2019	0.0	0.0	0.0	0.0	true / true	N/A for 2019	false	0.5	STOPPED	0.0	
11478	20	0.0	0.0	0.0	0.12	0.0	0.0	0.0	0.0	0.0	true	0.0	N/A in 2019	0.0	0.0	0.0	0.0	true / true	N/A for 2019	false	0.5	STOPPED	0.125	
11497	19	0.0	0.0	0.0	0.12	0.0	0.0	0.0	0.0	0.0	true	0.0	N/A in 2019	0.0	0.0	0.0	0.0	true / true	N/A for 2019	false	0.5	STOPPED	0.0	
11531	34	0.0	0.0	0.0	0.12	0.0	0.0	0.0	0.0	0.0	true	0.0	N/A in 2019	0.0	0.0	0.0	0.0	true / true	N/A for 2019	false	0.5	STOPPED	0.0	
11537	5	0.0	0.0	0.0	0.12	0.0	0.0	0.0	0.0	0.0	true	0.0	N/A in 2019	0.0	0.0	0.0	0.0	true / true	N/A for 2019	false	0.5	STOPPED	0.0	
11557	20	0.0	0.0	0.0	0.12	0.0	0.0	0.0	0.0	0.0	true	0.0	N/A in 2019	0.0	0.0	0.0	0.0	true / true	N/A for 2019	false	0.5	STOPPED	0.0	
11577	20	0.0	0.0	0.0	0.12	0.0	0.0	0.0	0.0	0.0	true	0.0	N/A in 2019	0.0	0.0	0.0	0.0	true / true	N/A for 2019	false	0.5	STOPPED	0.0	
11596	19	0.0	0.0	0.0	0.12	0.0	0.0	0.0	0.0	0.0	true	0.0	N/A in 2019	0.0	0.0	0.0	0.0	true / true	N/A for 2019	false	0.5	STOPPED	0.0	
11618	21	0.0	0.0	0.0	0.12	0.0	0.0	0.0	0.0	0.0	true	0.0	N/A in 2019	0.0	0.0	0.0	0.0	true / true	N/A for 2019	false	0.5	STOPPED	0.0	
11651	33	0.0	0.0	0.0	0.12	0.0	0.0	0.0	0.0	0.0	true	0.0	N/A in 2019	0.0	0.0	0.0	0.0	true / true	N/A for 2019	false	0.5	STOPPED	0.0	
11657	6	0.0	0.0	0.0	0.12	0.0	0.0	0.0	0.0	0.0	true	0.0	N/A in 2019	0.0	0.0	0.0	0.0	true / true	N/A for 2019	false	0.5	STOPPED	0.0	
11677	20	0.0	0.0	0.0	0.12	0.0	0.0	0.0	0.0	0.0	true	0.0	N/A in 2019	0.0	0.0	0.0	0.0	true / true	N/A for 2019	false	0.5	STOPPED	0.125	
11697	20	0.0	0.0	0.0	0.12	0.0	0.0	0.0	0.0	0.0	true	0.0	N/A in 2019	0.0	0.0	0.0	0.0	true / true	N/A for 2019	false	0.5	STOPPED	0.125	
11717	20	0.0	0.0	0.0	0.12	0.0	0.0	0.0	0.0	0.0	true	0.0	N/A in 2019	0.0	0.0	0.0	0.0	true / true	N/A for 2019	false	0.5	STOPPED	0.0	
11737	20	0.0	0.0	0.0	0.12	0.0	0.0	0.0	0.0	0.0	true	0.0	N/A in 2019	0.0	0.0	0.0	0.0	true / true	N/A for 2019	false	0.5	STOPPED	0.0	
11770	33	0.0	0.0	0.0	0.12	0.0	0.0	0.0	0.0	0.0	true	0.0	N/A in 2019	0.0	0.0	0.0	0.0	true / true	N/A for 2019	false	0.5	STOPPED	0.0	
11779	8	0.0	0.0	0.0	0.12	0.0	0.0	0.0	0.0	0.0	true	0.0	N/A in 2019	0.0	0.0	0.0	0.0	true / true	N/A for 2019	false	0.5	STOPPED	0.0	
11797	18	0.0	0.0	0.0	0.12	0.0	0.0	0.0	0.0	0.0	true	0.0	N/A in 2019	0.0	0.0	0.0	0.0	true / true	N/A for 2019	false	0.5	STOPPED	0.0	
11816	19	0.0	0.0	0.0	0.12	0.0	0.0	0.0	0.0	0.0	true	0.0	N/A in 2019	0.0	0.0	0.0	0.0	true / true	N/A for 2019	false	0.5	STOPPED	0.0	
11836	19	0.0	0.0	0.0	0.12	0.0	0.0	0.0	0.0	0.0	true	0.0	N/A in 2019	0.0	0.0	0.0	0.0	true / true	N/A for 2019	false	0.5	STOPPED	0.0	
11856	19	0.0	0.0	0.0	0.12	0.0	0.0	0.0	0.0	0.0	true	0.0	N/A in 2019	0.0	0.0	0.0	0.0	true / true	N/A for 2019	false	0.5	STOPPED	0.0	
11889	32	0.0	0.0	0.0	0.12	0.0	0.0	0.0	0.0	0.0	true	0.0	N/A in 2019	0.0	0.0	0.0	0.0	true / true	N/A for 2019	false	0.5	STOPPED	0.125	
11898	8	0.0	0.0	0.0	0.12	0.0	0.0	0.0	0.0	0.0	true	0.0	N/A in 2019	0.0	0.0	0.0	0.0	true / true	N/A for 2019	false	0.5	STOPPED	0.125	
11917	18	0.0	0.0	0.0	0.12	0.0	0.0	0.0	0.0	0.0	true	0.0	N/A in 2019	0.0	0.0	0.0	0.0	true / true	N/A for 2019	false	0.5	STOPPED	0.0	
11937	19	0.0	0.0	0.0	0.12	0.0	0.0	0.0	0.0	0.0	true	0.0	N/A in 2019	0.0	0.0	0.0	0.0	true / true	N/A for 2019	false	0.5	STOPPED	0.0	
11958	20	0.0	0.0	0.0	0.12	0.0	0.0	0.0	0.0	0.0	true	0.0	N/A in 2019	0.0	0.0	0.0	0.0	true / true	N/A for 2019	false	0.5	STOPPED	0.0	
11979	21	0.0	0.0	0.0	0.12	0.0	0.0	0.0	0.0	0.0	true	0.0	N/A in 2019	0.0	0.0	0.0	0.0	true / true	N/A for 2019	false	0.5	STOPPED	0.0	
12010	31	0.0	0.0	0.0	0.12	0.0	0.0	0.0	0.0	0.0	true	0.0	N/A in 2019	0.0	0.0	0.0	0.0	true / true	N/A for 2019	false	0.5	STOPPED	0.125	
12019	9	0.0	0.0	0.0	0.12	0.0	0.0	0.0	0.0	0.0	true	0.0	N/A in 2019	0.0	0.0	0.0	0.0	true / true	N/A for 2019	false	0.5	STOPPED	0.0	
12037	17	0.0	0.0	0.0	0.12	0.0	0.0	0.0	0.0	0.0	true	0.0	N/A in 2019	0.0	0.0	0.0	0.0	true / true	N/A for 2019	false	0.5	STOPPED	0.0	
12057	20	0.0	0.0	0.0	0.12	0.0	0.0	0.0	0.0	0.0	true	0.0	N/A in 2019	0.0	0.0	0.0	0.0	true / true	N/A for 2019	false	0.5	STOPPED	0.0	
12077	20	0.0	0.0	0.0	0.12	0.0	0.0	0.0	0.0	0.0	true	0.0	N/A in 2019	0.0	0.0	0.0	0.0	true / true	N/A for 2019	false	0.5	STOPPED	0.0	
12097	20	0.0	0.0	0.0	0.12	0.0	0.0	0.0	0.0	0.0	true	0.0	N/A in 2019	0.0	0.0	0.0	0.0	true / true	N/A for 2019	false	0.5	STOPPED	0.0	
12131	33	0.0	0.0	0.0	0.12	0.0	0.0	0.0	0.0	0.0	true	0.0	N/A in 2019	0.0	0.0	0.0	0.0	true / true	N/A for 2019	false	0.5	STOPPED	0.0	
12137	6	0.0	0.0	0.0	0.12	0.0	0.0	0.0	0.0	0.0	true	0.0	N/A in 2019	0.0	0.0	0.0	0.0	true / true	N/A for 2019	false	0.5	STOPPED	0.0	
12157	20	0.0	0.0	0.0	0.12	0.0	0.0	0.0	0.0	0.0	true	0.0	N/A in 2019	0.0	0.0	0.0	0.0	true / true	N/A for 2019	false	0.5	STOPPED	0.0	
12177	20	0.0	0.0	0.0	0.12	0.0	0.0	0.0	0.0	0.0	true	0.0	N/A in 2019	0.0	0.0	0.0	0.0	true / true	N/A for 2019	false	0.5	STOPPED	0.0	
12196	18	0.0	0.0	0.0	0.12	0.0	0.0	0.0	0.0	0.0	true	0.0	N/A in 2019	0.0	0.0	0.0	0.0	true / true	N/A for 2019	false	0.5	STOPPED	0.0	
12217	20	0.0	0.0	0.0	0.12	0.0	0.0	0.0	0.0	0.0	true	0.0	N/A in 2019	0.0	0.0	0.0	0.0	true / true	N/A for 2019	false	0.5	STOPPED	0.0	
12251	33	0.0	0.0	0.0	0.12	0.0	0.0	0.0	0.0	0.0	true	0.0	N/A in 2019	0.0	0.0	0.0	0.0	true / true	N/A for 2019	false	0.5	STOPPED	0.0	
12259	8	0.0	0.0	0.0	0.12	0.0	0.0	0.0	0.0	0.0	true	0.0	N/A in 2019	0.0	0.0	0.0	0.0	true / true	N/A for 2019	false	0.5	STOPPED	0.0	
12277	18	0.0	0.0	0.0	0.12	0.0	0.0	0.0	0.0	0.0	true	0.0	N/A in 2019	0.0	0.0	0.0	0.0	true / true	N/A for 2019	false	0.5	STOPPED	0.0	
12298	20	0.0	0.0	0.0	0.12	0.0	0.0	0.0	0.0	0.0	true	0.0	N/A in 2019	0.0	0.0	0.0	0.0	true / true	N/A for 2019	false	0.5	STOPPED	0.0	
12317	17	0.0	0.0	0.0	0.12	0.0	0.0	0.0	0.0	0.0	true	0.0	N/A in 2019	0.0	0.0	0.0	0.0	true / true	N/A for 2019	false	0.5	STOPPED	0.0	
12337	20	0.0	0.0	0.0	0.12	0.0	0.0	0.0	0.0	0.0	true	0.0	N/A in 2019	0.0	0.0	0.0	0.0	true / true	N/A for 2019	false	0.5	STOPPED	0.0	
12371	34	0.0	0.0	0.0	0.12	0.0	0.0	0.0	0.0	0.0	true	0.0	N/A in 2019	0.0	0.0	0.0	0.0	true / true	N/A for 2019	false	0.5	STOPPED	0.0	
12377	6	0.0	0.0	0.0	0.12	0.0	0.0	0.0	0.0	0.0	true	0.0	N/A in 2019	0.0	0.0	0.0	0.0	true / true	N/A for 2019	false	0.5	STOPPED	0.0	
12398	21	0.0	0.0	0.0	0.12	0.0	0.0	0.0	0.0	0.0	true	0.0	N/A in 2019	0.0	0.0	0.0	0.0	true / true	N/A for 2019	false	0.5	STOPPED	0.0	
12417	19	0.0	0.0	0.0	0.12	0.0	0.0	0.0	0.0	0.0	true	0.0	N/A in 2019	0.0	0.0	0.0	0.0	true / true	N/A for 2019	false	0.5	STOPPED	0.0	
12437	19	0.0	0.0	0.0	0.12	0.0	0.0	0.0	0.0	0.0	true	0.0	N/A in 2019	0.0	0.0	0.0	0.0	true / true	N/A for 2019	false	0.5	STOPPED	0.0	
12457	20	0.0	0.0	0.0	0.12	0.0	0.0	0.0	0.0	0.0	true	0.0	N/A in 2019	0.0	0.0	0.0	0.0	true / true	N/A for 2019	false	0.5	STOPPED	0.0	
12491	34	0.0	0.0	0.0	0.12	0.0	0.0	0.0	0.0	0.0	true	0.0	N/A in 2019	0.0	0.0	0.0	0.0	true / true	N/A for 2019	false	0.5	STOPPED	0.0	
12498	6	0.0	0.0	0.0	0.12	0.0	0.0	0.0	0.0	0.0	true	0.0	N/A in 2019	0.0	0.0	0.0	0.0	true / true	N/A for 2019	false	0.5	STOPPED	0.0	
12517	18	0.0	0.0	0.0	0.12	0.0	0.0	0.0	0.0	0.0	true	0.0	N/A in 2019	0.0	0.0	0.0	0.0	true / true	N/A for 2019	false	0.5	STOPPED	0.0	
12538	20	0.0	0.0	0.0	0.12	0.0	0.0	0.0	0.0	0.0	true	0.0	N/A in 2019	0.0	0.0	0.0	0.0	true / true	N/A for 2019	false	0.5	STOPPED	0.0	
12556	18	0.0	0.0	0.0	0.12	0.0	0.0	0.0	0.0	0.0	true	0.0	N/A in 2019	0.0	0.0	0.0	0.0	true / true	N/A for 2019	false	0.5	STOPPED	0.0	
12577	20	0.0	0.0	0.0	0.12	0.0	0.0	0.0	0.0	0.0	true	0.0	N/A in 2019	0.0	0.0	0.0	0.0	true / true	N/A for 2019	false	0.5	STOPPED	0.0	
12611	34	0.0	0.0	0.0	0.12	0.0	0.0	0.0	0.0	0.0	true	0.0	N/A in 2019	0.0	0.0	0.0	0.0	true / true	N/A for 2019	false	0.5	STOPPED	0.125	
12617	6	0.0	0.0	0.0	0.12	0.0	0.0	0.0	0.0	0.0	true	0.0	N/A in 2019	0.0	0.0	0.0	0.0	true / true	N/A for 2019	false	0.5	STOPPED	0.125	
12637	20	0.0	0.0	0.0	0.12	0.0	0.0	0.0	0.0	0.0	true	0.0	N/A in 2019	0.0	0.0	0.0	0.0	true / true	N/A for 2019	false	0.5	STOPPED	0.0	
12657	19	0.0	0.0	0.0	0.12	0.0	0.0	0.0	0.0	0.0	true	0.0	N/A in 2019	0.0	0.0	0.0	0.0	true / true	N/A for 2019	false	0.5	STOPPED	0.0	
12677	20	0.0	0.0	0.0	0.12	0.0	0.0	0.0	0.0	0.0	true	0.0	N/A in 2019	0.0	0.0	0.0	0.0	true / true	N/A for 2019	false	0.5	STOPPED	0.0	
12697	20	0.0	0.0	0.0	0.12	0.0	0.0	0.0	0.0	0.0	true	0.0	N/A in 2019	0.0	0.0	0.0	0.0	true / true	N/A for 2019	false	0.5	STOPPED	0.125	
12733	36	0.0	0.0	0.0	0.12	0.0	0.0	0.0	0.0	0.0	true	0.0	N/A in 2019	0.0	0.0	0.0	0.0	true / true	N/A for 2019	false	0.5	STOPPED	0.0	
12740	7	0.0	0.0	0.0	0.12	0.0	0.0	0.0	0.0	0.0	true	0.0	N/A in 2019	0.0	0.0	0.0	0.0	true / true	N/A for 2019	false	0.5	STOPPED	0.0	
12757	17	0.0	0.0	0.0	0.12	0.0	0.0	0.0	0.0	0.0	true	0.0	N/A in 2019	0.0	0.0	0.0	0.0	true / true	N/A for 2019	false	0.5	STOPPED	0.0	
12777	19	0.0	0.0	0.0	0.12	0.0	0.0	0.0	0.0	0.0	true	0.0	N/A in 2019	0.0	0.0	0.0	0.0	true / true	N/A for 2019	false	0.5	STOPPED	0.0	
12797	20	0.0	0.0	0.0	0.12	0.0	0.0	0.0	0.0	0.0	true	0.0	N/A in 2019	0.0	0.0	0.0	0.0	true / true	N/A for 2019	false	0.5	STOPPED	0.125	
12817	20	0.0	0.0	0.0	0.12	0.0	0.0	0.0	0.0	0.0	true	0.0	N/A in 2019	0.0	0.0	0.0	0.0	true / true	N/A for 2019	false	0.5	STOPPED	0.125	
12850	33	0.0	0.0	0.0	0.12	0.0	0.0	0.0	0.0	0.0	true	0.0	N/A in 2019	0.0	0.0	0.0	0.0	true / true	N/A for 2019	false	0.5	STOPPED	0.0	
12857	7	0.0	0.0	0.0	0.12	0.0	0.0	0.0	0.0	0.0	true	0.0	N/A in 2019	0.0	0.0	0.0	0.0	true / true	N/A for 2019	false	0.5	STOPPED	0.0	
12878	21	0.0	0.0	0.0	0.12	0.0	0.0	0.0	0.0	0.0	true	0.0	N/A in 2019	0.0	0.0	0.0	0.0	true / true	N/A for 2019	false	0.5	STOPPED	0.0	
12897	19	0.0	0.0	0.0	0.12	0.0	0.0	0.0	0.0	0.0	true	0.0	N/A in 2019	0.0	0.0	0.0	0.0	true / true	N/A for 2019	false	0.5	STOPPED	0.0	
12918	20	0.0	0.0	0.0	0.12	0.0	0.0	0.0	0.0	0.0	true	0.0	N/A in 2019	0.0	0.0	0.0	0.0	true / true	N/A for 2019	false	0.5	STOPPED	0.0	
12937	18	0.0	0.0	0.0	0.12	0.0	0.0	0.0	0.0	0.0	true	0.0	N/A in 2019	0.0	0.0	0.0	0.0	true / true	N/A for 2019	false	0.5	STOPPED	0.0	
12969	32	0.0	0.0	0.0	0.12	0.0	0.0	0.0	0.0	0.0	true	0.0	N/A in 2019	0.0	0.0	0.0	0.0	true / true	N/A for 2019	false	0.5	STOPPED	0.0	
12977	7	0.0	0.0	0.0	0.12	0.0	0.0	0.0	0.0	0.0	true	0.0	N/A in 2019	0.0	0.0	0.0	0.0	true / true	N/A for 2019	false	0.5	STOPPED	0.0	
12997	20	0.0	0.0	0.0	0.12	0.0	0.0	0.0	0.0	0.0	true	0.0	N/A in 2019	0.0	0.0	0.0	0.0	true / true	N/A for 2019	false	0.5	STOPPED	0.0	
13017	20	0.0	0.0	0.0	0.12	0.0	0.0	0.0	0.0	0.0	true	0.0	N/A in 2019	0.0	0.0	0.0	0.0	true / true	N/A for 2019	false	0.5	STOPPED	0.0	
13037	20	0.0	0.0	0.0	0.12	0.0	0.0	0.0	0.0	0.0	true	0.0	N/A in 2019	0.0	0.0	0.0	0.0	true / true	N/A for 2019	false	0.5	STOPPED	0.0	
13057	20	0.0	0.0	0.0	0.12	0.0	0.0	0.0	0.0	0.0	true	0.0	N/A in 2019	0.0	0.0	0.0	0.0	true / true	N/A for 2019	false	0.5	STOPPED	0.0	
13089	32	0.0	0.0	0.0	0.12	0.0	0.0	0.0	0.0	0.0	true	0.0	N/A in 2019	0.0	0.0	0.0	0.0	true / true	N/A for 2019	false	0.5	STOPPED	0.0	
13097	8	0.0	0.0	0.0	0.12	0.0	0.0	0.0	0.0	0.0	true	0.0	N/A in 2019	0.0	0.0	0.0	0.0	true / true	N/A for 2019	false	0.5	STOPPED	0.0	
13116	19	0.0	0.0	0.0	0.12	0.0	0.0	0.0	0.0	0.0	true	0.0	N/A in 2019	0.0	0.0	0.0	0.0	true / true	N/A for 2019	false	0.5	STOPPED	0.0	
13137	20	0.0	0.0	0.0	0.12	0.0	0.0	0.0	0.0	0.0	true	0.0	N/A in 2019	0.0	0.0	0.0	0.0	true / true	N/A for 2019	false	0.5	STOPPED	0.0	
13158	21	0.0	0.0	0.0	0.12	0.0	0.0	0.0	0.0	0.0	true	0.0	N/A in 2019	0.0	0.0	0.0	0.0	true / true	N/A for 2019	false	0.5	STOPPED	0.0	
13177	19	0.0	0.0	0.0	0.12	0.0	0.0	0.0	0.0	0.0	true	0.0	N/A in 2019	0.0	0.0	0.0	0.0	true / true	N/A for 2019	false	0.5	STOPPED	0.0	
13211	34	0.0	0.0	0.0	0.12	0.0	0.0	0.0	0.0	0.0	true	0.0	N/A in 2019	0.0	0.0	0.0	0.0	true / true	N/A for 2019	false	0.5	STOPPED	0.0	
13218	7	0.0	0.0	0.0	0.12	0.0	0.0	0.0	0.0	0.0	true	0.0	N/A in 2019	0.0	0.0	0.0	0.0	true / true	N/A for 2019	false	0.5	STOPPED	0.0	
13237	19	0.0	0.0	0.0	0.12	0.0	0.0	0.0	0.0	0.0	true	0.0	N/A in 2019	0.0	0.0	0.0	0.0	true / true	N/A for 2019	false	0.5	STOPPED	0.0	
13257	20	0.0	0.0	0.0	0.12	0.0	0.0	0.0	0.0	0.0	true	0.0	N/A in 2019	0.0	0.0	0.0	0.0	true / true	N/A for 2019	false	0.5	STOPPED	0.0	
13277	20	0.0	0.0	0.0	0.12	0.0	0.0	0.0	0.0	0.0	true	0.0	N/A in 2019	0.0	0.0	0.0	0.0	true / true	N/A for 2019	false	0.5	STOPPED	0.0	
13301	24	0.0	0.0	0.0	0.12	0.0	0.0	0.0	0.0	0.0	true	0.0	N/A in 2019	0.0	0.0	0.0	0.0	true / true	N/A for 2019	false	0.5	STOPPED	0.0	
13330	29	0.0	0.0	0.0	0.12	0.0	0.0	0.0	0.0	0.0	true	0.0	N/A in 2019	0.0	0.0	0.0	0.0	true / true	N/A for 2019	false	0.5	STOPPED	0.0	
13337	7	0.0	0.0	0.0	0.12	0.0	0.0	0.0	0.0	0.0	true	0.0	N/A in 2019	0.0	0.0	0.0	0.0	true / true	N/A for 2019	false	0.5	STOPPED	0.0	
13357	20	0.0	0.0	0.0	0.12	0.0	0.0	0.0	0.0	0.0	true	0.0	N/A in 2019	0.0	0.0	0.0	0.0	true / true	N/A for 2019	false	0.5	STOPPED	0.0	
13377	20	0.0	0.0	0.0	0.12	0.0	0.0	0.0	0.0	0.0	true	0.0	N/A in 2019	0.0	0.0	0.0	0.0	true / true	N/A for 2019	false	0.5	STOPPED	0.0	
13399	22	0.0	0.0	0.0	0.12	0.0	0.0	0.0	0.0	0.0	true	0.0	N/A in 2019	0.0	0.0	0.0	0.0	true / true	N/A for 2019	false	0.5	STOPPED	0.0	
13416	17	0.0	0.0	0.0	0.12	0.0	0.0	0.0	0.0	0.0	true	0.0	N/A in 2019	0.0	0.0	0.0	0.0	true / true	N/A for 2019	false	0.5	STOPPED	0.0	
13452	35	0.0	0.0	0.0	0.12	0.0	0.0	0.0	0.0	0.0	true	0.0	N/A in 2019	0.0	0.0	0.0	0.0	true / true	N/A for 2019	false	0.5	STOPPED	0.0	
13458	6	0.0	0.0	0.0	0.12	0.0	0.0	0.0	0.0	0.0	true	0.0	N/A in 2019	0.0	0.0	0.0	0.0	true / true	N/A for 2019	false	0.5	STOPPED	0.0	
13476	18	0.0	0.0	0.0	0.12	0.0	0.0	0.0	0.0	0.0	true	0.0	N/A in 2019	0.0	0.0	0.0	0.0	true / true	N/A for 2019	false	0.5	STOPPED	0.0	
13497	20	0.0	0.0	0.0	0.12	0.0	0.0	0.0	0.0	0.0	true	0.0	N/A in 2019	0.0	0.0	0.0	0.0	true / true	N/A for 2019	false	0.5	STOPPED	0.0	
